{"resourceType":"ImplementationGuide","id":"healthedatainc.ig-template4","text":{"status":"extensions","div":"<div xmlns=\"http://www.w3.org/1999/xhtml\"><h2>IGTest4</h2><p>The official URL for this implementation guide is: </p><pre>http://www.fhir.org/guides/test3/ImplementationGuide/healthedatainc.ig-template4</pre></div>"},"url":"http://www.fhir.org/guides/test3/ImplementationGuide/healthedatainc.ig-template4","version":"0.0.0","name":"IGTest4","title":"IG Test4","status":"draft","date":"2020-05-06T16:36:05-07:00","publisher":"Health eData Inc","contact":[{"telecom":[{"system":"email","value":"mailto:ehaas@healthedatainc.com"}]},{"telecom":[{"system":"url","value":"http://foobar.com"}]}],"copyright":"Used by permission of Health eData Inc, all rights reserved Creative Commons License","packageId":"healthedatainc.ig-template4","license":"CC0-1.0","fhirVersion":["4.0.1"],"dependsOn":[{"id":"uscore","uri":"http://hl7.org/fhir/us/core/ImplementationGuide/hl7.fhir.us.core","packageId":"hl7.fhir.us.core","version":"3.1.0"},{"id":"qicore","uri":"http://hl7.org/fhir/us/qicore/ImplementationGuide/hl7.fhir.us.qicore","packageId":"hl7.fhir.us.qicore","version":"4.0.0"}],"definition":{"extension":[{"extension":[{"url":"code","valueString":"foo"},{"url":"value","valueString":"bar"}],"url":"http://hl7.org/fhir/tools/StructureDefinition/ig-parameter"},{"extension":[{"url":"code","valueString":"logging"},{"url":"value","valueString":"init"}],"url":"http://hl7.org/fhir/tools/StructureDefinition/ig-parameter"},{"extension":[{"url":"code","valueString":"logging"},{"url":"value","valueString":"progress"}],"url":"http://hl7.org/fhir/tools/StructureDefinition/ig-parameter"},{"extension":[{"url":"code","valueString":"generate"},{"url":"value","valueString":"example-narratives"}],"url":"http://hl7.org/fhir/tools/StructureDefinition/ig-parameter"},{"extension":[{"url":"code","valueString":"path-qa"},{"url":"value","valueString":"qa"}],"url":"http://hl7.org/fhir/tools/StructureDefinition/ig-parameter"},{"extension":[{"url":"code","valueString":"path-liquid"},{"url":"value","valueString":"input/liquid"}],"url":"http://hl7.org/fhir/tools/StructureDefinition/ig-parameter"},{"extension":[{"url":"code","valueString":"path-temp"},{"url":"value","valueString":"temp"}],"url":"http://hl7.org/fhir/tools/StructureDefinition/ig-parameter"},{"extension":[{"url":"code","valueString":"path-output"},{"url":"value","valueString":"docs"}],"url":"http://hl7.org/fhir/tools/StructureDefinition/ig-parameter"},{"extension":[{"url":"code","valueString":"active-tables"},{"url":"value","valueString":"false"}],"url":"http://hl7.org/fhir/tools/StructureDefinition/ig-parameter"},{"extension":[{"url":"code","valueString":"apply-contact"},{"url":"value","valueString":"true"}],"url":"http://hl7.org/fhir/tools/StructureDefinition/ig-parameter"},{"extension":[{"url":"code","valueString":"apply-jurisdiction"},{"url":"value","valueString":"true"}],"url":"http://hl7.org/fhir/tools/StructureDefinition/ig-parameter"},{"extension":[{"url":"code","valueString":"apply-publisher"},{"url":"value","valueString":"true"}],"url":"http://hl7.org/fhir/tools/StructureDefinition/ig-parameter"},{"extension":[{"url":"code","valueString":"apply-version"},{"url":"value","valueString":"true"}],"url":"http://hl7.org/fhir/tools/StructureDefinition/ig-parameter"},{"extension":[{"url":"code","valueString":"show-inherited-invariants"},{"url":"value","valueString":"false"}],"url":"http://hl7.org/fhir/tools/StructureDefinition/ig-parameter"},{"extension":[{"url":"code","valueString":"usage-stats-opt-out"},{"url":"value","valueString":"true"}],"url":"http://hl7.org/fhir/tools/StructureDefinition/ig-parameter"},{"extension":[{"url":"code","valueString":"copyrightyear"},{"url":"value","valueString":"2020+"}],"url":"http://hl7.org/fhir/tools/StructureDefinition/ig-parameter"},{"extension":[{"url":"code","valueString":"releaselabel"},{"url":"value","valueString":"CI Build"}],"url":"http://hl7.org/fhir/tools/StructureDefinition/ig-parameter"},{"extension":[{"url":"code","valueString":"excludexml"},{"url":"value","valueString":"false"}],"url":"http://hl7.org/fhir/tools/StructureDefinition/ig-parameter"},{"extension":[{"url":"code","valueString":"escludejsn"},{"url":"value","valueString":"false"}],"url":"http://hl7.org/fhir/tools/StructureDefinition/ig-parameter"},{"extension":[{"url":"code","valueString":"excludettl"},{"url":"value","valueString":"false"}],"url":"http://hl7.org/fhir/tools/StructureDefinition/ig-parameter"},{"extension":[{"url":"code","valueString":"excludemap"},{"url":"value","valueString":"false"}],"url":"http://hl7.org/fhir/tools/StructureDefinition/ig-parameter"},{"extension":[{"url":"code","valueString":"excludeexample"},{"url":"value","valueString":"flase"}],"url":"http://hl7.org/fhir/tools/StructureDefinition/ig-parameter"},{"extension":[{"url":"code","valueString":"autoload-resources"},{"url":"value","valueString":"true"}],"url":"http://hl7.org/fhir/tools/StructureDefinition/ig-parameter"},{"extension":[{"url":"code","valueString":"path-liquid"},{"url":"value","valueString":"template/liquid"}],"url":"http://hl7.org/fhir/tools/StructureDefinition/ig-parameter"},{"extension":[{"url":"code","valueString":"path-suppressed-warnings"},{"url":"value","valueString":"input/ignoreWarnings.txt"}],"url":"http://hl7.org/fhir/tools/StructureDefinition/ig-parameter"},{"extension":[{"url":"code","valueString":"path-history"},{"url":"value","valueString":"http://www.fhir.org/guides/test3/history.html"}],"url":"http://hl7.org/fhir/tools/StructureDefinition/ig-parameter"},{"extension":[{"url":"code","valueString":"template-html"},{"url":"value","valueString":"template-page.html"}],"url":"http://hl7.org/fhir/tools/StructureDefinition/ig-parameter"},{"extension":[{"url":"code","valueString":"template-md"},{"url":"value","valueString":"template-page-md.html"}],"url":"http://hl7.org/fhir/tools/StructureDefinition/ig-parameter"},{"extension":[{"url":"code","valueString":"apply-context"},{"url":"value","valueString":"true"}],"url":"http://hl7.org/fhir/tools/StructureDefinition/ig-parameter"},{"extension":[{"url":"code","valueString":"apply-copyright"},{"url":"value","valueString":"true"}],"url":"http://hl7.org/fhir/tools/StructureDefinition/ig-parameter"},{"extension":[{"url":"code","valueString":"apply-license"},{"url":"value","valueString":"true"}],"url":"http://hl7.org/fhir/tools/StructureDefinition/ig-parameter"}],"grouping":[{"id":"_dyn_capabilitystatement","name":"Behavior: Capability Statements","description":"The following artifacts define the specific capabilities that different types of systems are expected to have in order to comply with this implementation guide.  Systems complying with the implementation guide are expected to declare conformance to one or more of the following capability statements."},{"id":"_dyn_operationdefinition","name":"Behavior: Operation Definitions","description":"These are custom operations that can be supported by and/or invoked by systems complying with this implementation guide"},{"id":"_str_profile","name":"Structures: Resource Profiles","description":"These define constraints on FHIR resources that need to be complied with by conformant implementations"},{"id":"_str_datatype","name":"Structures: Data Type Profiles","description":"These define constraints on FHIR data types that need to be complied with by conformant implementations"},{"id":"_str_extension","name":"Structures: Extension Definitions","description":"These define constraints on FHIR data types that need to be complied with by conformant implementations"},{"id":"_term_valueset","name":"Terminology: Value Sets","description":"These define sets of codes used by systems conforming with this implementation guide"},{"id":"_term_codesystem","name":"Terminology: Code Systems","description":"These define new code systems used by systems conforming with this implementation guide"},{"id":"_ex_example","name":"Example: Example Instances","description":"These are example instances that show what data produced and consumed by systems conforming with this implementation guide might look like"}],"resource":[{"extension":[{"url":"http://hl7.org/fhir/StructureDefinition/implementationguide-page","valueUri":"Basic-diet-example1.html"}],"reference":{"reference":"Basic/diet-example1"},"name":"Basic Example","description":"an example of a of Basic Profile.","exampleBoolean":true,"groupingId":"_ex_example"},{"extension":[{"url":"http://hl7.org/fhir/StructureDefinition/implementationguide-page","valueUri":"Patient-example1.html"}],"reference":{"reference":"Patient/example1"},"name":"Patient Example","description":"an example of a of Patient Profile.","exampleBoolean":true,"groupingId":"_ex_example"},{"extension":[{"url":"http://hl7.org/fhir/StructureDefinition/implementationguide-page","valueUri":"Bundle-example1.html"}],"reference":{"reference":"Bundle/example1"},"name":"Bundle Example","description":"an example of a of Bundle.","exampleBoolean":true,"groupingId":"_ex_example"},{"extension":[{"url":"http://hl7.org/fhir/StructureDefinition/implementationguide-page","valueUri":"Bundle-example2.html"}],"reference":{"reference":"Bundle/example2"},"name":"Bundle Example2","description":"another example of a of Bundle.","exampleBoolean":true,"groupingId":"_ex_example"},{"extension":[{"url":"http://hl7.org/fhir/StructureDefinition/implementationguide-page","valueUri":"DiagnosticReport-urinalysis.html"}],"reference":{"reference":"DiagnosticReport/urinalysis"},"name":"DR Example","description":"an example of a of DR for UA.","exampleBoolean":true,"groupingId":"_ex_example"},{"extension":[{"url":"http://hl7.org/fhir/StructureDefinition/implementationguide-page","valueUri":"Patient-example2.html"}],"reference":{"reference":"Patient/example2"},"name":"Another Patient Example","description":"Another example of a of Patient Profile.","exampleBoolean":true,"groupingId":"_ex_example"},{"extension":[{"url":"http://hl7.org/fhir/StructureDefinition/implementationguide-page","valueUri":"StructureDefinition-extension-complex.html"}],"reference":{"reference":"StructureDefinition/extension-complex"},"name":"Complex Extension","description":"an example of a complex extension.","exampleBoolean":false,"groupingId":"_str_extension"},{"extension":[{"url":"http://hl7.org/fhir/StructureDefinition/implementationguide-page","valueUri":"StructureDefinition-extension-blah.html"}],"reference":{"reference":"StructureDefinition/extension-blah"},"name":"Simple Extension","description":"an example of a simple extension.","exampleBoolean":false,"groupingId":"_str_extension"},{"extension":[{"url":"http://hl7.org/fhir/StructureDefinition/implementationguide-page","valueUri":"OperationDefinition-example.html"}],"reference":{"reference":"OperationDefinition/example"},"name":"Populate Questionnaire","description":"Limited implementation of the Populate Questionnaire implementation","exampleBoolean":false,"groupingId":"_dyn_operationdefinition"},{"extension":[{"url":"http://hl7.org/fhir/StructureDefinition/implementationguide-page","valueUri":"StructureDefinition-ifr.html"}],"reference":{"reference":"StructureDefinition/ifr"},"name":"Identifer Free Reference Data Type","description":"Identifer Free Reference Data Type","exampleBoolean":false,"groupingId":"_str_datatype"},{"extension":[{"url":"http://hl7.org/fhir/StructureDefinition/implementationguide-page","valueUri":"ValueSet-bar-codes.html"}],"reference":{"reference":"ValueSet/bar-codes"},"name":"Bar Value Set","description":"A bunch of example codes","exampleBoolean":false,"groupingId":"_term_valueset"},{"extension":[{"url":"http://hl7.org/fhir/StructureDefinition/implementationguide-page","valueUri":"CapabilityStatement-server.html"}],"reference":{"reference":"CapabilityStatement/server"},"name":"Server","description":"This resource defines the expected capabilities","exampleBoolean":false,"groupingId":"_dyn_capabilitystatement"},{"extension":[{"url":"http://hl7.org/fhir/StructureDefinition/implementationguide-page","valueUri":"CodeSystem-blah-codes.html"}],"reference":{"reference":"CodeSystem/blah-codes"},"name":"BlahCodes","description":"A bunch of example codes","exampleBoolean":false,"groupingId":"_term_codesystem"},{"extension":[{"url":"http://hl7.org/fhir/StructureDefinition/implementationguide-page","valueUri":"CapabilityStatement-client.html"}],"reference":{"reference":"CapabilityStatement/client"},"name":"Client","description":"This resource defines the expected capabilities","exampleBoolean":false,"groupingId":"_dyn_capabilitystatement"},{"extension":[{"url":"http://hl7.org/fhir/StructureDefinition/implementationguide-page","valueUri":"StructureDefinition-template-profile-on-profile.html"}],"reference":{"reference":"StructureDefinition/template-profile-on-profile"},"name":"Template Profile on Profile","description":"Template-Profile-on-Profile","exampleBoolean":false,"groupingId":"_str_profile"},{"extension":[{"url":"http://hl7.org/fhir/StructureDefinition/implementationguide-page","valueUri":"ValueSet-foo-codes.html"}],"reference":{"reference":"ValueSet/foo-codes"},"name":"Foo Value Set","description":"A bunch of example codes","exampleBoolean":false,"groupingId":"_term_valueset"},{"extension":[{"url":"http://hl7.org/fhir/StructureDefinition/implementationguide-page","valueUri":"StructureDefinition-template-basic.html"}],"reference":{"reference":"StructureDefinition/template-basic"},"name":"Health eData Template Profile","description":"This is a simple example Template","exampleBoolean":false,"groupingId":"_str_profile"},{"extension":[{"url":"http://hl7.org/fhir/StructureDefinition/implementationguide-page","valueUri":"ValueSet-blah-codes.html"}],"reference":{"reference":"ValueSet/blah-codes"},"name":"BlahCodes","description":"A bunch of example codes","exampleBoolean":false,"groupingId":"_term_valueset"}],"page":{"nameUrl":"toc.html","title":"Table of Contents","generation":"html","page":[{"nameUrl":"index.html","title":"Home","generation":"markdown"},{"nameUrl":"guidance.html","title":"General Guidance","generation":"markdown"},{"nameUrl":"profiles.html","title":"Profiles and Extensions","generation":"markdown","page":[{"nameUrl":"StructureDefinition-ifr.html","title":"StructureDefinition Ifr","generation":"generated"},{"nameUrl":"StructureDefinition-template-profile-on-profile.html","title":"StructureDefinition Template Profile On Profile","generation":"generated"},{"nameUrl":"StructureDefinition-template-basic.html","title":"StructureDefinition Template Basic","generation":"generated"},{"nameUrl":"StructureDefinition-extension-complex.html","title":"StructureDefinition Extension Complex","generation":"generated"},{"nameUrl":"StructureDefinition-extension-blah.html","title":"StructureDefinition Extension Blah","generation":"generated"}]},{"nameUrl":"operations.html","title":"Operations","generation":"markdown","page":[{"nameUrl":"OperationDefinition-example.html","title":"OperationDefinition Opdef Test","generation":"generated"}]},{"nameUrl":"terminology.html","title":"Terminology","generation":"markdown","page":[{"nameUrl":"ValueSet-bar-codes.html","title":"ValueSet Bar Codes","generation":"generated"},{"nameUrl":"ValueSet-foo-codes.html","title":"ValueSet Foo Codes","generation":"generated"},{"nameUrl":"ValueSet-blah-codes.html","title":"ValueSet Blah Codes","generation":"generated"},{"nameUrl":"CodeSystem-blah-codes.html","title":"CodeSystem Blah Codes","generation":"generated"}]},{"nameUrl":"searchparameters.html","title":"Search Parameters","generation":"markdown"},{"nameUrl":"capstatements.html","title":"Capability Statements","generation":"markdown","page":[{"nameUrl":"CapabilityStatement-server.html","title":"CapabilityStatement Server","generation":"generated"},{"nameUrl":"CapabilityStatement-client.html","title":"CapabilityStatement Client","generation":"generated"}]},{"nameUrl":"security.html","title":"Security","generation":"html"},{"nameUrl":"downloads.html","title":"Downloads","generation":"markdown"},{"nameUrl":"all-examples.html","title":"All Examples","generation":"markdown"},{"nameUrl":"artifacts.html","title":"Artifacts Summary","generation":"html","page":[{"nameUrl":"CapabilityStatement-server.html","title":"Server","generation":"generated"},{"nameUrl":"CapabilityStatement-client.html","title":"Client","generation":"generated"},{"nameUrl":"OperationDefinition-example.html","title":"Populate Questionnaire","generation":"generated"},{"nameUrl":"StructureDefinition-template-profile-on-profile.html","title":"Template Profile on Profile","generation":"generated"},{"nameUrl":"StructureDefinition-template-basic.html","title":"Health eData Template Profile","generation":"generated"},{"nameUrl":"StructureDefinition-ifr.html","title":"Identifer Free Reference Data Type","generation":"generated"},{"nameUrl":"StructureDefinition-extension-complex.html","title":"Complex Extension","generation":"generated"},{"nameUrl":"StructureDefinition-extension-blah.html","title":"Simple Extension","generation":"generated"},{"nameUrl":"ValueSet-bar-codes.html","title":"Bar Value Set","generation":"generated"},{"nameUrl":"ValueSet-foo-codes.html","title":"Foo Value Set","generation":"generated"},{"nameUrl":"ValueSet-blah-codes.html","title":"BlahCodes","generation":"generated"},{"nameUrl":"CodeSystem-blah-codes.html","title":"BlahCodes","generation":"generated"},{"nameUrl":"Basic-diet-example1.html","title":"Basic Example","generation":"generated"},{"nameUrl":"Patient-example1.html","title":"Patient Example","generation":"generated"},{"nameUrl":"Bundle-example1.html","title":"Bundle Example","generation":"generated"},{"nameUrl":"Bundle-example2.html","title":"Bundle Example2","generation":"generated"},{"nameUrl":"DiagnosticReport-urinalysis.html","title":"DR Example","generation":"generated"},{"nameUrl":"Patient-example2.html","title":"Another Patient Example","generation":"generated"}]}]},"parameter":[{"code":"path-resource","value":"input/capabilities"},{"code":"path-resource","value":"input/examples"},{"code":"path-resource","value":"input/extensions"},{"code":"path-resource","value":"input/models"},{"code":"path-resource","value":"input/operations"},{"code":"path-resource","value":"input/profiles"},{"code":"path-resource","value":"input/resources"},{"code":"path-resource","value":"input/vocabulary"},{"code":"path-resource","value":"input/maps"},{"code":"path-resource","value":"input/testing"},{"code":"path-pages","value":"input/pagecontent"},{"code":"path-tx-cache","value":"input-cache/txcache"},{"code":"path-resource","value":"input/history"},{"code":"path-pages","value":"template/config"},{"code":"path-pages","value":"input/images"}]}}