{"resourceType":"ImplementationGuide","id":"healthedatainc.ig-template4-0.0.0","text":{"status":"generated","div":"<div xmlns=\"http://www.w3.org/1999/xhtml\"><h2>IGTest3</h2><p>The official URL for this implementation guide is: </p><pre>http://www.fhir.org/guides/test4/ImplementationGuide/healthedatainc.ig-template4-0.0.0</pre></div>"},"url":"http://www.fhir.org/guides/test4/ImplementationGuide/healthedatainc.ig-template4-0.0.0","version":"0.0.0","name":"IGTest3","title":"IG Test3","status":"draft","date":"2020-01-23T08:25:17-08:00","publisher":"Health eData Inc","contact":[{"telecom":[{"system":"email","value":"mailto:ehaas@healthedatainc.com"}]},{"telecom":[{"system":"url","value":"http://foobar.com"}]}],"copyright":"Used by permission of Health eData Inc, all rights reserved Creative Commons License","packageId":"healthedatainc.ig-template4","license":"CC0-1.0","fhirVersion":["4.0.1"],"dependsOn":[{"id":"uscore","uri":"http://hl7.org/fhir/us/core","packageId":"hl7.fhir.us.core","version":"3.1.0"},{"id":"qicore","uri":"http://hl7.org/fhir/us/qicore","packageId":"hl7.fhir.us.qicore","version":"current"}],"definition":{"grouping":[{"name":"base"},{"id":"template-profile-spreadsheet.xml","name":"Template-basic"}],"resource":[{"extension":[{"url":"http://hl7.org/fhir/StructureDefinition/implementationguide-page","valueUri":"Basic-diet.html"}],"reference":{"reference":"Basic/diet"},"exampleBoolean":true},{"extension":[{"url":"http://hl7.org/fhir/StructureDefinition/implementationguide-page","valueUri":"Patient-example.html"}],"reference":{"reference":"Patient/example"},"exampleBoolean":true},{"extension":[{"url":"http://hl7.org/fhir/StructureDefinition/implementationguide-page","valueUri":"Patient-example2.html"}],"reference":{"reference":"Patient/example2"},"exampleBoolean":true},{"extension":[{"url":"http://hl7.org/fhir/StructureDefinition/implementationguide-page","valueUri":"StructureDefinition-extension-complex.html"}],"reference":{"reference":"StructureDefinition/extension-complex"},"name":"Complex Extension","description":"an example of a complex extension.","exampleBoolean":false},{"extension":[{"url":"http://hl7.org/fhir/StructureDefinition/implementationguide-page","valueUri":"StructureDefinition-extension-blah.html"}],"reference":{"reference":"StructureDefinition/extension-blah"},"name":"Simple Extension","description":"an example of a simple extension.","exampleBoolean":false},{"extension":[{"url":"http://hl7.org/fhir/StructureDefinition/implementationguide-page","valueUri":"OperationDefinition-opdef-test.html"}],"reference":{"reference":"OperationDefinition/opdef-test"},"description":"Limited implementation of the Populate Questionnaire implementation","exampleBoolean":false},{"extension":[{"url":"http://hl7.org/fhir/StructureDefinition/implementationguide-page","valueUri":"StructureDefinition-ifr.html"}],"reference":{"reference":"StructureDefinition/ifr"},"exampleBoolean":false},{"extension":[{"url":"http://hl7.org/fhir/StructureDefinition/implementationguide-page","valueUri":"ValueSet-bar-codes.html"}],"reference":{"reference":"ValueSet/bar-codes"},"name":"Bar Value Set","description":"A bunch of example codes","exampleBoolean":false},{"extension":[{"url":"http://hl7.org/fhir/StructureDefinition/implementationguide-page","valueUri":"CapabilityStatement-server.html"}],"reference":{"reference":"CapabilityStatement/server"},"description":"This resource defines the expected capabilities ","exampleBoolean":false},{"extension":[{"url":"http://hl7.org/fhir/StructureDefinition/implementationguide-page","valueUri":"CodeSystem-blah-codes.html"}],"reference":{"reference":"CodeSystem/blah-codes"},"description":"A bunch of example codes","exampleBoolean":false},{"extension":[{"url":"http://hl7.org/fhir/StructureDefinition/implementationguide-page","valueUri":"CapabilityStatement-client.html"}],"reference":{"reference":"CapabilityStatement/client"},"description":"This resource defines the expected capabilities ","exampleBoolean":false},{"extension":[{"url":"http://hl7.org/fhir/StructureDefinition/implementationguide-page","valueUri":"StructureDefinition-template-profile-on-profile.html"}],"reference":{"reference":"StructureDefinition/template-profile-on-profile"},"name":"Template Profile on Profile","description":"Template-Profile-on-Profile","exampleBoolean":false},{"extension":[{"url":"http://hl7.org/fhir/StructureDefinition/implementationguide-page","valueUri":"ValueSet-foo-codes.html"}],"reference":{"reference":"ValueSet/foo-codes"},"name":"Foo Value Set","description":"A bunch of example codes","exampleBoolean":false},{"extension":[{"url":"http://hl7.org/fhir/StructureDefinition/implementationguide-page","valueUri":"StructureDefinition-template-basic.html"}],"reference":{"reference":"StructureDefinition/template-basic"},"name":"Health eData Template Profile","description":"This is a simple example Template","exampleBoolean":false},{"extension":[{"url":"http://hl7.org/fhir/StructureDefinition/implementationguide-page","valueUri":"ValueSet-blah-codes.html"}],"reference":{"reference":"ValueSet/blah-codes"},"description":"A bunch of example codes","exampleBoolean":false},{"extension":[{"url":"http://hl7.org/fhir/StructureDefinition/implementationguide-page","valueUri":"StructureDefinition-extension-blah2.html"}],"reference":{"reference":"StructureDefinition/extension-blah2"},"name":"blah2","description":"an example of a simple extension.","groupingId":"template-profile-spreadsheet.xml"}],"page":{"nameUrl":"index.html","title":"Home","generation":"markdown","page":[{"nameUrl":"guidance.html","title":"General Guidance","generation":"markdown"},{"nameUrl":"more-guidance.html","title":"More General Guidance","generation":"html"},{"nameUrl":"profiles.html","title":"Profiles and Extensions","generation":"markdown","page":[{"nameUrl":"StructureDefinition-ifr.html","title":"StructureDefinition Ifr","generation":"generated"},{"nameUrl":"StructureDefinition-template-profile-on-profile.html","title":"StructureDefinition Template Profile On Profile","generation":"generated"},{"nameUrl":"StructureDefinition-template-basic.html","title":"StructureDefinition Template Basic","generation":"generated"},{"nameUrl":"StructureDefinition-extension-complex.html","title":"StructureDefinition Extension Complex","generation":"generated"},{"nameUrl":"StructureDefinition-extension-blah.html","title":"StructureDefinition Extension Blah","generation":"generated"}]},{"nameUrl":"operations.html","title":"Operations","generation":"markdown","page":[{"nameUrl":"OperationDefinition-opdef-test.html","title":"OperationDefinition Opdef Test","generation":"generated"}]},{"nameUrl":"terminology.html","title":"Terminology","generation":"markdown","page":[{"nameUrl":"ValueSet-bar-codes.html","title":"ValueSet Bar Codes","generation":"generated"},{"nameUrl":"ValueSet-foo-codes.html","title":"ValueSet Foo Codes","generation":"generated"},{"nameUrl":"ValueSet-blah-codes.html","title":"ValueSet Blah Codes","generation":"generated"},{"nameUrl":"CodeSystem-blah-codes.html","title":"CodeSystem Blah Codes","generation":"generated"}]},{"nameUrl":"searchparameters.html","title":"Search Parameters","generation":"markdown"},{"nameUrl":"capstatements.html","title":"Capability Statements","generation":"markdown","page":[{"nameUrl":"CapabilityStatement-server.html","title":"CapabilityStatement Server","generation":"generated"},{"nameUrl":"CapabilityStatement-client.html","title":"CapabilityStatement Client","generation":"generated"}]},{"nameUrl":"security.html","title":"Security","generation":"markdown"},{"nameUrl":"downloads.html","title":"Downloads","generation":"markdown"},{"nameUrl":"all-examples.html","title":"All Examples","generation":"markdown"},{"nameUrl":"toc.html","title":"Table of Contents","generation":"html"}]},"parameter":[{"code":"path-resource","value":"source/examples"},{"code":"path-resource","value":"source/resources"},{"code":"path-pages","value":"source/pages"},{"code":"path-pages","value":"template/content/pages"},{"code":"path-qa","value":"generated_output/qa"},{"code":"path-temp","value":"generated_output/temp"},{"code":"path-tx-cache","value":"generated_output/txCache"},{"code":"path-output","value":"docs"},{"code":"path-history","value":"http://www.fhir.org/guides/test4/history.html"}]}}