{
  "resourceType": "OperationDefinition",
  "id": "example",
  "text": {
    "status": "extensions",
    "div": "<div xmlns=\"http://www.w3.org/1999/xhtml\"><h2>PopulateQuestionnaire</h2><p>OPERATION: PopulateQuestionnaire</p><p>The official URL for this operation definition is: </p><pre>http://www.fhir.org/guides/test3/OperationDefinition/example</pre><div><p>Limited implementation of the Populate Questionnaire implementation</p>\n</div><p>URL: [base]/Questionnaire/[id]/$populate</p><p>Parameters</p><table class=\"grid\"><tr><td><b>Use</b></td><td><b>Name</b></td><td><b>Cardinality</b></td><td><b>Type</b></td><td><b>Binding</b></td><td><b>Documentation</b></td></tr><tr><td>IN</td><td>subject</td><td>1..1</td><td><a href=\"http://hl7.org/fhir/R4/references.html#Reference\">Reference</a></td><td/><td><div><p>The resource that is to be the <em>QuestionnaireResponse.subject</em>. The <a href=\"http://hl7.org/fhir/R4/questionnaireresponse.html\">QuestionnaireResponse</a>      instance will reference the provided subject.  In addition, if the <em>local</em> parameter is      set to true, server information about the specified subject will be used to populate the      instance.</p>\n</div></td></tr><tr><td>IN</td><td>local</td><td>0..1</td><td><a href=\"http://hl7.org/fhir/R4/references.html#Reference\">Reference</a></td><td/><td><div><p>If the <em>local</em> parameter is set to true, server information about the specified subject will be used to populate the instance.</p>\n</div></td></tr><tr><td>OUT</td><td>return</td><td>1..1</td><td><a href=\"http://hl7.org/fhir/R4/questionnaireresponse.html\">QuestionnaireResponse</a></td><td/><td><div><p>The partially (or fully)-populated set of answers for the specified Questionnaire</p>\n</div></td></tr></table><div><p>Only implemented for Labs and Medications so far</p>\n</div></div>"
  },
  "url": "http://www.fhir.org/guides/test3/OperationDefinition/example",
  "version": "0.0.0",
  "name": "PopulateQuestionnaire",
  "status": "draft",
  "kind": "operation",
  "date": "2015-08-04",
  "publisher": "Health eData Inc",
  "contact": [
    {
      "telecom": [
        {
          "system": "email",
          "value": "mailto:ehaas@healthedatainc.com"
        }
      ]
    },
    {
      "telecom": [
        {
          "system": "url",
          "value": "http://foobar.com"
        }
      ]
    }
  ],
  "description": "Limited implementation of the Populate Questionnaire implementation",
  "useContext": [
    {
      "code": {
        "system": "http://terminology.hl7.org/CodeSystem/usage-context-type",
        "code": "venue",
        "display": "Clinical Venue"
      },
      "valueCodeableConcept": {
        "coding": [
          {
            "system": "http://terminology.hl7.org/CodeSystem/v3-ActCode",
            "code": "IMP",
            "display": "inpatient encounter"
          }
        ]
      }
    }
  ],
  "jurisdiction": [
    {
      "coding": [
        {
          "system": "urn:iso:std:iso:3166",
          "code": "GB",
          "display": "United Kingdom of Great Britain and Northern Ireland"
        }
      ]
    }
  ],
  "code": "populate",
  "comment": "Only implemented for Labs and Medications so far",
  "base": "http://hl7.org/fhir/uv/sdc/OperationDefinition/Questionnaire-populate",
  "resource": [
    "Questionnaire"
  ],
  "system": false,
  "type": false,
  "instance": true,
  "parameter": [
    {
      "name": "subject",
      "use": "in",
      "min": 1,
      "max": "1",
      "documentation": "The resource that is to be the *QuestionnaireResponse.subject*. The [[[QuestionnaireResponse]]]      instance will reference the provided subject.  In addition, if the *local* parameter is      set to true, server information about the specified subject will be used to populate the      instance.",
      "type": "Reference"
    },
    {
      "name": "local",
      "use": "in",
      "min": 0,
      "max": "1",
      "documentation": "If the *local* parameter is set to true, server information about the specified subject will be used to populate the instance.",
      "type": "Reference"
    },
    {
      "name": "return",
      "use": "out",
      "min": 1,
      "max": "1",
      "documentation": "The partially (or fully)-populated set of answers for the specified Questionnaire",
      "type": "QuestionnaireResponse"
    }
  ],
  "overload": [
    {
      "parameterName": [
        "subject",
        "local"
      ]
    },
    {
      "parameterName": [
        "subject"
      ],
      "comment": "local defaults to false when not passed as a parameter"
    }
  ]
}