<?xml version="1.0" encoding="UTF-8"?><ImplementationGuide xmlns="http://hl7.org/fhir"><id value="healthedatainc.ig-template4-0.0.0"/><text><status value="generated"/><div xmlns="http://www.w3.org/1999/xhtml"><h2>IGTest3</h2><p>The official URL for this implementation guide is: </p><pre>http://www.fhir.org/guides/test3/ImplementationGuide/healthedatainc.ig-template4-0.0.0</pre></div></text><url value="http://www.fhir.org/guides/test3/ImplementationGuide/healthedatainc.ig-template4-0.0.0"/><version value="0.0.0"/><name value="IGTest3"/><title value="IG Test3"/><status value="draft"/><date value="2020-01-14T16:24:11-08:00"/><publisher value="Health eData Inc"/><contact><telecom><system value="email"/><value value="mailto:ehaas@healthedatainc.com"/></telecom></contact><contact><telecom><system value="url"/><value value="http://foobar.com"/></telecom></contact><copyright value="Used by permission of Health eData Inc, all rights reserved Creative Commons License"/><packageId value="healthedatainc.ig-template4"/><license value="CC0-1.0"/><fhirVersion value="4.0.1"/><dependsOn id="uscore"><uri value="http://hl7.org/fhir/us/core"/><packageId value="hl7.fhir.us.core"/><version value="3.1.0"/></dependsOn><dependsOn id="qicore"><uri value="http://hl7.org/fhir/us/qicore"/><packageId value="hl7.fhir.us.qicore"/><version value="current"/></dependsOn><definition><grouping id="_dyn_capabilitystatement"><name value="Behavior: Capability Statements"/><description value="The following artifacts define the specific capabilities that different types of systems are expected to have in order to comply with this implementation guide.  Systems complying with the implementation guide are expected to declare conformance to one or more of the following capability statements."/></grouping><grouping id="_dyn_operationdefinition"><name value="Behavior: Operation Definitions"/><description value="These are custom operations that can be supported by and/or invoked by systems complying with this implementation guide"/></grouping><grouping id="_str_profile"><name value="Structures: Resource Profiles"/><description value="These define constraints on FHIR resources that need to be complied with by conformant implementations"/></grouping><grouping id="_str_datatype"><name value="Structures: Data Type Profiles"/><description value="These define constraints on FHIR data types that need to be complied with by conformant implementations"/></grouping><grouping id="_str_extension"><name value="Structures: Extension Definitions"/><description value="These define constraints on FHIR data types that need to be complied with by conformant implementations"/></grouping><grouping id="_term_valueset"><name value="Terminology: Value Sets"/><description value="These define sets of codes used by systems conforming with this implementation guide"/></grouping><grouping id="_term_codesystem"><name value="Terminology: Code Systems"/><description value="These define new code systems used by systems conforming with this implementation guide"/></grouping><grouping id="_ex_example"><name value="Example: Example Instances"/><description value="These are example instances that show what data produced and consumed by systems conforming with this implementation guide might look like"/></grouping><resource><extension url="http://hl7.org/fhir/StructureDefinition/implementationguide-page"><valueUri value="Basic-diet.html"/></extension><reference><reference value="Basic/diet"/></reference><exampleBoolean value="true"/><groupingId value="_ex_example"/></resource><resource><extension url="http://hl7.org/fhir/StructureDefinition/implementationguide-page"><valueUri value="Patient-example.html"/></extension><reference><reference value="Patient/example"/></reference><exampleBoolean value="true"/><groupingId value="_ex_example"/></resource><resource><extension url="http://hl7.org/fhir/StructureDefinition/implementationguide-page"><valueUri value="Patient-example2.html"/></extension><reference><reference value="Patient/example2"/></reference><exampleBoolean value="true"/><groupingId value="_ex_example"/></resource><resource><extension url="http://hl7.org/fhir/StructureDefinition/implementationguide-page"><valueUri value="StructureDefinition-extension-complex.html"/></extension><reference><reference value="StructureDefinition/extension-complex"/></reference><name value="Complex Extension"/><description value="an example of a complex extension."/><exampleBoolean value="false"/><groupingId value="_str_extension"/></resource><resource><extension url="http://hl7.org/fhir/StructureDefinition/implementationguide-page"><valueUri value="StructureDefinition-extension-blah.html"/></extension><reference><reference value="StructureDefinition/extension-blah"/></reference><name value="Simple Extension"/><description value="an example of a simple extension."/><exampleBoolean value="false"/><groupingId value="_str_extension"/></resource><resource><extension url="http://hl7.org/fhir/StructureDefinition/implementationguide-page"><valueUri value="OperationDefinition-example.html"/></extension><reference><reference value="OperationDefinition/example"/></reference><description value="Limited implementation of the Populate Questionnaire implementation"/><exampleBoolean value="false"/><groupingId value="_dyn_operationdefinition"/></resource><resource><extension url="http://hl7.org/fhir/StructureDefinition/implementationguide-page"><valueUri value="StructureDefinition-ifr.html"/></extension><reference><reference value="StructureDefinition/ifr"/></reference><exampleBoolean value="false"/><groupingId value="_str_datatype"/></resource><resource><extension url="http://hl7.org/fhir/StructureDefinition/implementationguide-page"><valueUri value="ValueSet-bar-codes.html"/></extension><reference><reference value="ValueSet/bar-codes"/></reference><name value="Bar Value Set"/><description value="A bunch of example codes"/><exampleBoolean value="false"/><groupingId value="_term_valueset"/></resource><resource><extension url="http://hl7.org/fhir/StructureDefinition/implementationguide-page"><valueUri value="CapabilityStatement-server.html"/></extension><reference><reference value="CapabilityStatement/server"/></reference><description value="This resource defines the expected capabilities "/><exampleBoolean value="false"/><groupingId value="_dyn_capabilitystatement"/></resource><resource><extension url="http://hl7.org/fhir/StructureDefinition/implementationguide-page"><valueUri value="CodeSystem-blah-codes.html"/></extension><reference><reference value="CodeSystem/blah-codes"/></reference><description value="A bunch of example codes"/><exampleBoolean value="false"/><groupingId value="_term_codesystem"/></resource><resource><extension url="http://hl7.org/fhir/StructureDefinition/implementationguide-page"><valueUri value="CapabilityStatement-client.html"/></extension><reference><reference value="CapabilityStatement/client"/></reference><description value="This resource defines the expected capabilities "/><exampleBoolean value="false"/><groupingId value="_dyn_capabilitystatement"/></resource><resource><extension url="http://hl7.org/fhir/StructureDefinition/implementationguide-page"><valueUri value="StructureDefinition-template-profile-on-profile.html"/></extension><reference><reference value="StructureDefinition/template-profile-on-profile"/></reference><name value="Template Profile on Profile"/><exampleBoolean value="false"/><groupingId value="_str_profile"/></resource><resource><extension url="http://hl7.org/fhir/StructureDefinition/implementationguide-page"><valueUri value="ValueSet-foo-codes.html"/></extension><reference><reference value="ValueSet/foo-codes"/></reference><name value="Foo Value Set"/><description value="A bunch of example codes"/><exampleBoolean value="false"/><groupingId value="_term_valueset"/></resource><resource><extension url="http://hl7.org/fhir/StructureDefinition/implementationguide-page"><valueUri value="StructureDefinition-template-basic.html"/></extension><reference><reference value="StructureDefinition/template-basic"/></reference><name value="Health eData Template Profile"/><exampleBoolean value="false"/><groupingId value="_str_profile"/></resource><resource><extension url="http://hl7.org/fhir/StructureDefinition/implementationguide-page"><valueUri value="ValueSet-blah-codes.html"/></extension><reference><reference value="ValueSet/blah-codes"/></reference><description value="A bunch of example codes"/><exampleBoolean value="false"/><groupingId value="_term_valueset"/></resource><resource><extension url="http://hl7.org/fhir/StructureDefinition/implementationguide-page"><valueUri value="StructureDefinition-extension-blah2.html"/></extension><reference><reference value="StructureDefinition/extension-blah2"/></reference><name value="blah2"/><description value="an example of a simple extension."/><groupingId value="_str_extension"/></resource><page><nameUrl value="toc.html"/><title value="Table of Contents"/><generation value="html"/><page><nameUrl value="index.html"/><title value="Home"/><generation value="markdown"/></page><page><nameUrl value="guidance.html"/><title value="General Guidance"/><generation value="markdown"/></page><page><nameUrl value="profiles.html"/><title value="Profiles and Extensions"/><generation value="markdown"/><page><nameUrl value="StructureDefinition-ifr.html"/><title value="StructureDefinition Ifr"/><generation value="generated"/></page><page><nameUrl value="StructureDefinition-template-profile-on-profile.html"/><title value="StructureDefinition Template Profile On Profile"/><generation value="generated"/></page><page><nameUrl value="StructureDefinition-template-basic.html"/><title value="StructureDefinition Template Basic"/><generation value="generated"/></page><page><nameUrl value="StructureDefinition-extension-complex.html"/><title value="StructureDefinition Extension Complex"/><generation value="generated"/></page><page><nameUrl value="StructureDefinition-extension-blah.html"/><title value="StructureDefinition Extension Blah"/><generation value="generated"/></page></page><page><nameUrl value="operations.html"/><title value="Operations"/><generation value="markdown"/><page><nameUrl value="OperationDefinition-opdef-test.html"/><title value="OperationDefinition Opdef Test"/><generation value="generated"/></page></page><page><nameUrl value="terminology.html"/><title value="Terminology"/><generation value="markdown"/><page><nameUrl value="ValueSet-bar-codes.html"/><title value="ValueSet Bar Codes"/><generation value="generated"/></page><page><nameUrl value="ValueSet-foo-codes.html"/><title value="ValueSet Foo Codes"/><generation value="generated"/></page><page><nameUrl value="ValueSet-blah-codes.html"/><title value="ValueSet Blah Codes"/><generation value="generated"/></page><page><nameUrl value="CodeSystem-blah-codes.html"/><title value="CodeSystem Blah Codes"/><generation value="generated"/></page></page><page><nameUrl value="searchparameters.html"/><title value="Search Parameters"/><generation value="markdown"/></page><page><nameUrl value="capstatements.html"/><title value="Capability Statements"/><generation value="markdown"/><page><nameUrl value="CapabilityStatement-server.html"/><title value="CapabilityStatement Server"/><generation value="generated"/></page><page><nameUrl value="CapabilityStatement-client.html"/><title value="CapabilityStatement Client"/><generation value="generated"/></page></page><page><nameUrl value="security.html"/><title value="Security"/><generation value="markdown"/></page><page><nameUrl value="downloads.html"/><title value="Downloads"/><generation value="markdown"/></page><page><nameUrl value="all-examples.html"/><title value="All Examples"/><generation value="markdown"/></page><page><nameUrl value="artifacts.html"/><title value="Artifacts Summary"/><generation value="html"/><page><nameUrl value="CapabilityStatement-server.html"/><generation value="generated"/></page><page><nameUrl value="CapabilityStatement-client.html"/><generation value="generated"/></page><page><nameUrl value="OperationDefinition-example.html"/><generation value="generated"/></page><page><nameUrl value="StructureDefinition-template-profile-on-profile.html"/><title value="Template Profile on Profile"/><generation value="generated"/></page><page><nameUrl value="StructureDefinition-template-basic.html"/><title value="Health eData Template Profile"/><generation value="generated"/></page><page><nameUrl value="StructureDefinition-ifr.html"/><generation value="generated"/></page><page><nameUrl value="StructureDefinition-extension-complex.html"/><title value="Complex Extension"/><generation value="generated"/></page><page><nameUrl value="StructureDefinition-extension-blah.html"/><title value="Simple Extension"/><generation value="generated"/></page><page><nameUrl value="StructureDefinition-extension-blah2.html"/><title value="blah2"/><generation value="generated"/></page><page><nameUrl value="ValueSet-bar-codes.html"/><title value="Bar Value Set"/><generation value="generated"/></page><page><nameUrl value="ValueSet-foo-codes.html"/><title value="Foo Value Set"/><generation value="generated"/></page><page><nameUrl value="ValueSet-blah-codes.html"/><generation value="generated"/></page><page><nameUrl value="CodeSystem-blah-codes.html"/><generation value="generated"/></page><page><nameUrl value="Basic-diet.html"/><generation value="generated"/></page><page><nameUrl value="Patient-example.html"/><generation value="generated"/></page><page><nameUrl value="Patient-example2.html"/><generation value="generated"/></page></page></page><parameter><code value="path-resource"/><value value="input/capabilities"/></parameter><parameter><code value="path-resource"/><value value="input/examples"/></parameter><parameter><code value="path-resource"/><value value="input/extensions"/></parameter><parameter><code value="path-resource"/><value value="input/models"/></parameter><parameter><code value="path-resource"/><value value="input/operations"/></parameter><parameter><code value="path-resource"/><value value="input/profiles"/></parameter><parameter><code value="path-resource"/><value value="input/resources"/></parameter><parameter><code value="path-resource"/><value value="input/vocabulary"/></parameter><parameter><code value="path-pages"/><value value="input/pagecontent"/></parameter><parameter><code value="path-pages"/><value value="input/images"/></parameter><parameter><code value="path-qa"/><value value="temp/qa"/></parameter><parameter><code value="path-temp"/><value value="temp/pages"/></parameter><parameter><code value="path-output"/><value value="output"/></parameter><parameter><code value="path-tx-cache"/><value value="input-cache/txcache"/></parameter><parameter><code value="path-suppressed-warnings"/><value value="input/ignoreWarnings.txt"/></parameter><parameter><code value="template-html"/><value value="template-page.html"/></parameter><parameter><code value="template-md"/><value value="template-page-md.html"/></parameter><parameter><code value="apply-contact"/><value value="true"/></parameter><parameter><code value="apply-context"/><value value="true"/></parameter><parameter><code value="apply-copyright"/><value value="true"/></parameter><parameter><code value="apply-jurisdiction"/><value value="true"/></parameter><parameter><code value="apply-license"/><value value="true"/></parameter><parameter><code value="apply-publisher"/><value value="true"/></parameter><parameter><code value="apply-version"/><value value="true"/></parameter><parameter><code value="active-tables"/><value value="true"/></parameter></definition></ImplementationGuide>