<?xml version="1.0" encoding="UTF-8"?><ValueSet xmlns="http://hl7.org/fhir"><id value="blah-codes"/><text><status value="generated"/><div xmlns="http://www.w3.org/1999/xhtml"><h2>BlahCodes</h2><div><p>A bunch of example codes</p>
</div><p><b>Copyright Statement:</b> markdown link: [American Medical Association](https://www.ama-assn.org/)  markdown new paragraph: All rights reserved. This value set includes content from SNOMED CT, which is copyright &#xA9; 2002+ International Health Terminology Standards Development Organisation (IHTSDO), and distributed by agreement between IHTSDO and HL7. Implementer use of SNOMED CT is not covered by this agreement  ## header2 ### header3 ### header4  *emphasis*  **bold**  markdown list: - list 1 - list 2  1. list1 1. list2</p><p>This value set includes codes from the following code systems:</p><ul><li>Include all codes defined in <a href="CodeSystem-blah-codes.html"><code>http://www.fhir.org/guides/test3/CodeSystem/blah-codes</code></a></li></ul></div></text><url value="http://www.fhir.org/guides/test3/ValueSet/blah-codes"/><version value="0.0.0"/><name value="BlahCodes"/><status value="draft"/><date value="2018-03-13T08:16:34-07:00"/><publisher value="Health eData Inc"/><contact><telecom><system value="email"/><value value="mailto:ehaas@healthedatainc.com"/></telecom></contact><contact><telecom><system value="url"/><value value="http://foobar.com"/></telecom></contact><description value="A bunch of example codes"/><immutable value="true"/><copyright value="markdown link: [American Medical Association](https://www.ama-assn.org/)  markdown new paragraph: All rights reserved. This value set includes content from SNOMED CT, which is copyright &#xA9; 2002+ International Health Terminology Standards Development Organisation (IHTSDO), and distributed by agreement between IHTSDO and HL7. Implementer use of SNOMED CT is not covered by this agreement  ## header2 ### header3 ### header4  *emphasis*  **bold**  markdown list: - list 1 - list 2  1. list1 1. list2"/><compose><include><system value="http://www.fhir.org/guides/test3/CodeSystem/blah-codes"/></include></compose></ValueSet>