<?xml version="1.0" encoding="UTF-8"?>

<Bundle xmlns="http://hl7.org/fhir">
  <id value="cdc-c19-groups-20200404070053493066"/>
  <type value="transaction"/>
  <timestamp value="2020-04-04T07:00:53.208624Z"/>
  <entry>
    <fullUrl value="urn:uuid:065d7ece-7642-11ea-be32-a4d18ccf5172"/>
    <resource>
      <MeasureReport>
        <id value="065d7ece-7642-11ea-be32-a4d18ccf5172"/>
        <text>
          <status value="generated"/><div xmlns="http://www.w3.org/1999/xhtml"><p><b>Generated Narrative with Details</b></p><p><b>id</b>: 065d7ece-7642-11ea-be32-a4d18ccf5172</p><p><b>status</b>: complete</p><p><b>type</b>: individual</p><p><b>measure</b>: <a href="http://cdcmeasures.example.org/modules/covid19/20200331/numTotBeds">http://cdcmeasures.example.org/modules/covid19/20200331/numTotBeds</a></p><p><b>subject</b>: </p><p><b>date</b>: Apr 4, 2020, 12:00:53 AM</p><p><b>reporter</b>: </p><p><b>period</b>: Mar 30, 2020, 12:00:00 AM --&gt; Mar 30, 2020, 12:00:00 AM</p><blockquote><p><b>group</b></p><p><b>code</b>: Hospital Bed/ICU Capacity <span style="background: LightGoldenRodYellow">(Details )</span></p><blockquote><p><b>population</b></p><p><b>id</b>: numVent</p><p><b>code</b>: Initial Population <span style="background: LightGoldenRodYellow">(Details : {http://terminology.hl7.org/CodeSystem/measure-population code 'initial-population' = 'Initial Population)</span></p><p><b>count</b>: 20</p></blockquote><blockquote><p><b>population</b></p><p><b>id</b>: numVentUse</p><p><b>code</b>: Initial Population <span style="background: LightGoldenRodYellow">(Details : {http://terminology.hl7.org/CodeSystem/measure-population code 'initial-population' = 'Initial Population)</span></p><p><b>count</b>: 3</p></blockquote></blockquote><blockquote><p><b>group</b></p><p><b>code</b>: Hospital Ventilator Capacity <span style="background: LightGoldenRodYellow">(Details )</span></p><blockquote><p><b>population</b></p><p><b>id</b>: numTotBeds</p><p><b>code</b>: Initial Population <span style="background: LightGoldenRodYellow">(Details : {http://terminology.hl7.org/CodeSystem/measure-population code 'initial-population' = 'Initial Population)</span></p><p><b>count</b>: 125</p></blockquote><blockquote><p><b>population</b></p><p><b>id</b>: numbeds</p><p><b>code</b>: Initial Population <span style="background: LightGoldenRodYellow">(Details : {http://terminology.hl7.org/CodeSystem/measure-population code 'initial-population' = 'Initial Population)</span></p><p><b>count</b>: 100</p></blockquote><blockquote><p><b>population</b></p><p><b>id</b>: numBedsOcc</p><p><b>code</b>: Initial Population <span style="background: LightGoldenRodYellow">(Details : {http://terminology.hl7.org/CodeSystem/measure-population code 'initial-population' = 'Initial Population)</span></p><p><b>count</b>: 70</p></blockquote><blockquote><p><b>population</b></p><p><b>id</b>: numICUBeds</p><p><b>code</b>: Initial Population <span style="background: LightGoldenRodYellow">(Details : {http://terminology.hl7.org/CodeSystem/measure-population code 'initial-population' = 'Initial Population)</span></p><p><b>count</b>: 20</p></blockquote><blockquote><p><b>population</b></p><p><b>id</b>: numICUBedsOcc</p><p><b>code</b>: Initial Population <span style="background: LightGoldenRodYellow">(Details : {http://terminology.hl7.org/CodeSystem/measure-population code 'initial-population' = 'Initial Population)</span></p><p><b>count</b>: 10</p></blockquote></blockquote><blockquote><p><b>group</b></p><p><b>code</b>: Patient Impact <span style="background: LightGoldenRodYellow">(Details )</span></p><blockquote><p><b>population</b></p><p><b>id</b>: numC19HospPats</p><p><b>code</b>: Initial Population <span style="background: LightGoldenRodYellow">(Details : {http://terminology.hl7.org/CodeSystem/measure-population code 'initial-population' = 'Initial Population)</span></p><p><b>count</b>: 20</p></blockquote><blockquote><p><b>population</b></p><p><b>id</b>: numC19MechVentPats</p><p><b>code</b>: Initial Population <span style="background: LightGoldenRodYellow">(Details : {http://terminology.hl7.org/CodeSystem/measure-population code 'initial-population' = 'Initial Population)</span></p><p><b>count</b>: 3</p></blockquote><blockquote><p><b>population</b></p><p><b>id</b>: numC19HOPats</p><p><b>code</b>: Initial Population <span style="background: LightGoldenRodYellow">(Details : {http://terminology.hl7.org/CodeSystem/measure-population code 'initial-population' = 'Initial Population)</span></p><p><b>count</b>: 0</p></blockquote><blockquote><p><b>population</b></p><p><b>id</b>: numC19OverflowPats</p><p><b>code</b>: Initial Population <span style="background: LightGoldenRodYellow">(Details : {http://terminology.hl7.org/CodeSystem/measure-population code 'initial-population' = 'Initial Population)</span></p><p><b>count</b>: 0</p></blockquote><blockquote><p><b>population</b></p><p><b>id</b>: numC19OFMechVentPats</p><p><b>code</b>: Initial Population <span style="background: LightGoldenRodYellow">(Details : {http://terminology.hl7.org/CodeSystem/measure-population code 'initial-population' = 'Initial Population)</span></p><p><b>count</b>: 0</p></blockquote><blockquote><p><b>population</b></p><p><b>id</b>: numC19Died</p><p><b>code</b>: Initial Population <span style="background: LightGoldenRodYellow">(Details : {http://terminology.hl7.org/CodeSystem/measure-population code 'initial-population' = 'Initial Population)</span></p><p><b>count</b>: 0</p></blockquote></blockquote></div>
        </text>
        <status value="complete"/>
        <type value="individual"/>
        <measure value="http://cdcmeasures.example.org/modules/covid19/20200331/numTotBeds"/>
        <subject>
          <identifier>
            <system value="urn:oid:2.16.840.1.113883.6.277"/>
            <value value="2.16.840.1.113883.6.277.123"/>
          </identifier>
        </subject>
        <date value="2020-04-04T07:00:53.208624Z"/>
        <reporter>
          <identifier>
            <system value="urn:oid:2.16.840.1.113883.6.277"/>
            <value value="2.16.840.1.113883.6.277.123"/>
          </identifier>
        </reporter>
        <period>
          <start value="2020-03-30"/>
          <end value="2020-03-30"/>
        </period>
        <group>
          <code>
            <text value="Hospital Bed/ICU Capacity"/>
          </code>
          <population id="numVent">
            <code>
              <coding>
                <system value="http://terminology.hl7.org/CodeSystem/measure-population"/>
                <code value="initial-population"/>
              </coding>
            </code>
            <count value="20"/>
          </population>
          <population id="numVentUse">
            <code>
              <coding>
                <system value="http://terminology.hl7.org/CodeSystem/measure-population"/>
                <code value="initial-population"/>
              </coding>
            </code>
            <count value="3"/>
          </population>
        </group>
        <group>
          <code>
            <text value="Hospital Ventilator Capacity"/>
          </code>
          <population id="numTotBeds">
            <code>
              <coding>
                <system value="http://terminology.hl7.org/CodeSystem/measure-population"/>
                <code value="initial-population"/>
              </coding>
            </code>
            <count value="125"/>
          </population>
          <population id="numbeds">
            <code>
              <coding>
                <system value="http://terminology.hl7.org/CodeSystem/measure-population"/>
                <code value="initial-population"/>
              </coding>
            </code>
            <count value="100"/>
          </population>
          <population id="numBedsOcc">
            <code>
              <coding>
                <system value="http://terminology.hl7.org/CodeSystem/measure-population"/>
                <code value="initial-population"/>
              </coding>
            </code>
            <count value="70"/>
          </population>
          <population id="numICUBeds">
            <code>
              <coding>
                <system value="http://terminology.hl7.org/CodeSystem/measure-population"/>
                <code value="initial-population"/>
              </coding>
            </code>
            <count value="20"/>
          </population>
          <population id="numICUBedsOcc">
            <code>
              <coding>
                <system value="http://terminology.hl7.org/CodeSystem/measure-population"/>
                <code value="initial-population"/>
              </coding>
            </code>
            <count value="10"/>
          </population>
        </group>
        <group>
          <code>
            <text value="Patient Impact"/>
          </code>
          <population id="numC19HospPats">
            <code>
              <coding>
                <system value="http://terminology.hl7.org/CodeSystem/measure-population"/>
                <code value="initial-population"/>
              </coding>
            </code>
            <count value="20"/>
          </population>
          <population id="numC19MechVentPats">
            <code>
              <coding>
                <system value="http://terminology.hl7.org/CodeSystem/measure-population"/>
                <code value="initial-population"/>
              </coding>
            </code>
            <count value="3"/>
          </population>
          <population id="numC19HOPats">
            <code>
              <coding>
                <system value="http://terminology.hl7.org/CodeSystem/measure-population"/>
                <code value="initial-population"/>
              </coding>
            </code>
            <count value="0"/>
          </population>
          <population id="numC19OverflowPats">
            <code>
              <coding>
                <system value="http://terminology.hl7.org/CodeSystem/measure-population"/>
                <code value="initial-population"/>
              </coding>
            </code>
            <count value="0"/>
          </population>
          <population id="numC19OFMechVentPats">
            <code>
              <coding>
                <system value="http://terminology.hl7.org/CodeSystem/measure-population"/>
                <code value="initial-population"/>
              </coding>
            </code>
            <count value="0"/>
          </population>
          <population id="numC19Died">
            <code>
              <coding>
                <system value="http://terminology.hl7.org/CodeSystem/measure-population"/>
                <code value="initial-population"/>
              </coding>
            </code>
            <count value="0"/>
          </population>
        </group>
      </MeasureReport>
    </resource>
    <request>
      <method value="POST"/>
      <url value="MeasureReport"/>
    </request>
  </entry>
  <entry>
    <fullUrl value="urn:uuid:06870a64-7642-11ea-be32-a4d18ccf5172"/>
    <resource>
      <MeasureReport>
        <id value="06870a64-7642-11ea-be32-a4d18ccf5172"/>
        <text>
          <status value="generated"/><div xmlns="http://www.w3.org/1999/xhtml"><p><b>Generated Narrative with Details</b></p><p><b>id</b>: 06870a64-7642-11ea-be32-a4d18ccf5172</p><p><b>status</b>: complete</p><p><b>type</b>: individual</p><p><b>measure</b>: <a href="http://cdcmeasures.example.org/modules/covid19/20200331/numTotBeds">http://cdcmeasures.example.org/modules/covid19/20200331/numTotBeds</a></p><p><b>subject</b>: </p><p><b>date</b>: Apr 4, 2020, 12:00:53 AM</p><p><b>reporter</b>: </p><p><b>period</b>: Mar 31, 2020, 12:00:00 AM --&gt; Mar 31, 2020, 12:00:00 AM</p><blockquote><p><b>group</b></p><p><b>code</b>: Hospital Bed/ICU Capacity <span style="background: LightGoldenRodYellow">(Details )</span></p><blockquote><p><b>population</b></p><p><b>id</b>: numVent</p><p><b>code</b>: Initial Population <span style="background: LightGoldenRodYellow">(Details : {http://terminology.hl7.org/CodeSystem/measure-population code 'initial-population' = 'Initial Population)</span></p><p><b>count</b>: 20</p></blockquote><blockquote><p><b>population</b></p><p><b>id</b>: numVentUse</p><p><b>code</b>: Initial Population <span style="background: LightGoldenRodYellow">(Details : {http://terminology.hl7.org/CodeSystem/measure-population code 'initial-population' = 'Initial Population)</span></p><p><b>count</b>: 3</p></blockquote></blockquote><blockquote><p><b>group</b></p><p><b>code</b>: Hospital Ventilator Capacity <span style="background: LightGoldenRodYellow">(Details )</span></p><blockquote><p><b>population</b></p><p><b>id</b>: numTotBeds</p><p><b>code</b>: Initial Population <span style="background: LightGoldenRodYellow">(Details : {http://terminology.hl7.org/CodeSystem/measure-population code 'initial-population' = 'Initial Population)</span></p><p><b>count</b>: 125</p></blockquote><blockquote><p><b>population</b></p><p><b>id</b>: numbeds</p><p><b>code</b>: Initial Population <span style="background: LightGoldenRodYellow">(Details : {http://terminology.hl7.org/CodeSystem/measure-population code 'initial-population' = 'Initial Population)</span></p><p><b>count</b>: 100</p></blockquote><blockquote><p><b>population</b></p><p><b>id</b>: numBedsOcc</p><p><b>code</b>: Initial Population <span style="background: LightGoldenRodYellow">(Details : {http://terminology.hl7.org/CodeSystem/measure-population code 'initial-population' = 'Initial Population)</span></p><p><b>count</b>: 72</p></blockquote><blockquote><p><b>population</b></p><p><b>id</b>: numICUBeds</p><p><b>code</b>: Initial Population <span style="background: LightGoldenRodYellow">(Details : {http://terminology.hl7.org/CodeSystem/measure-population code 'initial-population' = 'Initial Population)</span></p><p><b>count</b>: 20</p></blockquote><blockquote><p><b>population</b></p><p><b>id</b>: numICUBedsOcc</p><p><b>code</b>: Initial Population <span style="background: LightGoldenRodYellow">(Details : {http://terminology.hl7.org/CodeSystem/measure-population code 'initial-population' = 'Initial Population)</span></p><p><b>count</b>: 11</p></blockquote></blockquote><blockquote><p><b>group</b></p><p><b>code</b>: Patient Impact <span style="background: LightGoldenRodYellow">(Details )</span></p><blockquote><p><b>population</b></p><p><b>id</b>: numC19HospPats</p><p><b>code</b>: Initial Population <span style="background: LightGoldenRodYellow">(Details : {http://terminology.hl7.org/CodeSystem/measure-population code 'initial-population' = 'Initial Population)</span></p><p><b>count</b>: 21</p></blockquote><blockquote><p><b>population</b></p><p><b>id</b>: numC19MechVentPats</p><p><b>code</b>: Initial Population <span style="background: LightGoldenRodYellow">(Details : {http://terminology.hl7.org/CodeSystem/measure-population code 'initial-population' = 'Initial Population)</span></p><p><b>count</b>: 3</p></blockquote><blockquote><p><b>population</b></p><p><b>id</b>: numC19HOPats</p><p><b>code</b>: Initial Population <span style="background: LightGoldenRodYellow">(Details : {http://terminology.hl7.org/CodeSystem/measure-population code 'initial-population' = 'Initial Population)</span></p><p><b>count</b>: 0</p></blockquote><blockquote><p><b>population</b></p><p><b>id</b>: numC19OverflowPats</p><p><b>code</b>: Initial Population <span style="background: LightGoldenRodYellow">(Details : {http://terminology.hl7.org/CodeSystem/measure-population code 'initial-population' = 'Initial Population)</span></p><p><b>count</b>: 0</p></blockquote><blockquote><p><b>population</b></p><p><b>id</b>: numC19OFMechVentPats</p><p><b>code</b>: Initial Population <span style="background: LightGoldenRodYellow">(Details : {http://terminology.hl7.org/CodeSystem/measure-population code 'initial-population' = 'Initial Population)</span></p><p><b>count</b>: 0</p></blockquote><blockquote><p><b>population</b></p><p><b>id</b>: numC19Died</p><p><b>code</b>: Initial Population <span style="background: LightGoldenRodYellow">(Details : {http://terminology.hl7.org/CodeSystem/measure-population code 'initial-population' = 'Initial Population)</span></p><p><b>count</b>: 0</p></blockquote></blockquote></div>
        </text>
        <status value="complete"/>
        <type value="individual"/>
        <measure value="http://cdcmeasures.example.org/modules/covid19/20200331/numTotBeds"/>
        <subject>
          <identifier>
            <system value="urn:oid:2.16.840.1.113883.6.277"/>
            <value value="2.16.840.1.113883.6.277.123"/>
          </identifier>
        </subject>
        <date value="2020-04-04T07:00:53.208624Z"/>
        <reporter>
          <identifier>
            <system value="urn:oid:2.16.840.1.113883.6.277"/>
            <value value="2.16.840.1.113883.6.277.123"/>
          </identifier>
        </reporter>
        <period>
          <start value="2020-03-31"/>
          <end value="2020-03-31"/>
        </period>
        <group>
          <code>
            <text value="Hospital Bed/ICU Capacity"/>
          </code>
          <population id="numVent">
            <code>
              <coding>
                <system value="http://terminology.hl7.org/CodeSystem/measure-population"/>
                <code value="initial-population"/>
              </coding>
            </code>
            <count value="20"/>
          </population>
          <population id="numVentUse">
            <code>
              <coding>
                <system value="http://terminology.hl7.org/CodeSystem/measure-population"/>
                <code value="initial-population"/>
              </coding>
            </code>
            <count value="3"/>
          </population>
        </group>
        <group>
          <code>
            <text value="Hospital Ventilator Capacity"/>
          </code>
          <population id="numTotBeds">
            <code>
              <coding>
                <system value="http://terminology.hl7.org/CodeSystem/measure-population"/>
                <code value="initial-population"/>
              </coding>
            </code>
            <count value="125"/>
          </population>
          <population id="numbeds">
            <code>
              <coding>
                <system value="http://terminology.hl7.org/CodeSystem/measure-population"/>
                <code value="initial-population"/>
              </coding>
            </code>
            <count value="100"/>
          </population>
          <population id="numBedsOcc">
            <code>
              <coding>
                <system value="http://terminology.hl7.org/CodeSystem/measure-population"/>
                <code value="initial-population"/>
              </coding>
            </code>
            <count value="72"/>
          </population>
          <population id="numICUBeds">
            <code>
              <coding>
                <system value="http://terminology.hl7.org/CodeSystem/measure-population"/>
                <code value="initial-population"/>
              </coding>
            </code>
            <count value="20"/>
          </population>
          <population id="numICUBedsOcc">
            <code>
              <coding>
                <system value="http://terminology.hl7.org/CodeSystem/measure-population"/>
                <code value="initial-population"/>
              </coding>
            </code>
            <count value="11"/>
          </population>
        </group>
        <group>
          <code>
            <text value="Patient Impact"/>
          </code>
          <population id="numC19HospPats">
            <code>
              <coding>
                <system value="http://terminology.hl7.org/CodeSystem/measure-population"/>
                <code value="initial-population"/>
              </coding>
            </code>
            <count value="21"/>
          </population>
          <population id="numC19MechVentPats">
            <code>
              <coding>
                <system value="http://terminology.hl7.org/CodeSystem/measure-population"/>
                <code value="initial-population"/>
              </coding>
            </code>
            <count value="3"/>
          </population>
          <population id="numC19HOPats">
            <code>
              <coding>
                <system value="http://terminology.hl7.org/CodeSystem/measure-population"/>
                <code value="initial-population"/>
              </coding>
            </code>
            <count value="0"/>
          </population>
          <population id="numC19OverflowPats">
            <code>
              <coding>
                <system value="http://terminology.hl7.org/CodeSystem/measure-population"/>
                <code value="initial-population"/>
              </coding>
            </code>
            <count value="0"/>
          </population>
          <population id="numC19OFMechVentPats">
            <code>
              <coding>
                <system value="http://terminology.hl7.org/CodeSystem/measure-population"/>
                <code value="initial-population"/>
              </coding>
            </code>
            <count value="0"/>
          </population>
          <population id="numC19Died">
            <code>
              <coding>
                <system value="http://terminology.hl7.org/CodeSystem/measure-population"/>
                <code value="initial-population"/>
              </coding>
            </code>
            <count value="0"/>
          </population>
        </group>
      </MeasureReport>
    </resource>
    <request>
      <method value="POST"/>
      <url value="MeasureReport"/>
    </request>
  </entry>
  <entry>
    <fullUrl value="urn:uuid:06b0840c-7642-11ea-be32-a4d18ccf5172"/>
    <resource>
      <MeasureReport>
        <id value="06b0840c-7642-11ea-be32-a4d18ccf5172"/>
        <text>
          <status value="generated"/><div xmlns="http://www.w3.org/1999/xhtml"><p><b>Generated Narrative with Details</b></p><p><b>id</b>: 06b0840c-7642-11ea-be32-a4d18ccf5172</p><p><b>status</b>: complete</p><p><b>type</b>: individual</p><p><b>measure</b>: <a href="http://cdcmeasures.example.org/modules/covid19/20200331/numTotBeds">http://cdcmeasures.example.org/modules/covid19/20200331/numTotBeds</a></p><p><b>subject</b>: </p><p><b>date</b>: Apr 4, 2020, 12:00:53 AM</p><p><b>reporter</b>: </p><p><b>period</b>: Apr 1, 2020, 12:00:00 AM --&gt; Apr 1, 2020, 12:00:00 AM</p><blockquote><p><b>group</b></p><p><b>code</b>: Hospital Bed/ICU Capacity <span style="background: LightGoldenRodYellow">(Details )</span></p><blockquote><p><b>population</b></p><p><b>id</b>: numVent</p><p><b>code</b>: Initial Population <span style="background: LightGoldenRodYellow">(Details : {http://terminology.hl7.org/CodeSystem/measure-population code 'initial-population' = 'Initial Population)</span></p><p><b>count</b>: 20</p></blockquote><blockquote><p><b>population</b></p><p><b>id</b>: numVentUse</p><p><b>code</b>: Initial Population <span style="background: LightGoldenRodYellow">(Details : {http://terminology.hl7.org/CodeSystem/measure-population code 'initial-population' = 'Initial Population)</span></p><p><b>count</b>: 5</p></blockquote></blockquote><blockquote><p><b>group</b></p><p><b>code</b>: Hospital Ventilator Capacity <span style="background: LightGoldenRodYellow">(Details )</span></p><blockquote><p><b>population</b></p><p><b>id</b>: numTotBeds</p><p><b>code</b>: Initial Population <span style="background: LightGoldenRodYellow">(Details : {http://terminology.hl7.org/CodeSystem/measure-population code 'initial-population' = 'Initial Population)</span></p><p><b>count</b>: 125</p></blockquote><blockquote><p><b>population</b></p><p><b>id</b>: numbeds</p><p><b>code</b>: Initial Population <span style="background: LightGoldenRodYellow">(Details : {http://terminology.hl7.org/CodeSystem/measure-population code 'initial-population' = 'Initial Population)</span></p><p><b>count</b>: 100</p></blockquote><blockquote><p><b>population</b></p><p><b>id</b>: numBedsOcc</p><p><b>code</b>: Initial Population <span style="background: LightGoldenRodYellow">(Details : {http://terminology.hl7.org/CodeSystem/measure-population code 'initial-population' = 'Initial Population)</span></p><p><b>count</b>: 74</p></blockquote><blockquote><p><b>population</b></p><p><b>id</b>: numICUBeds</p><p><b>code</b>: Initial Population <span style="background: LightGoldenRodYellow">(Details : {http://terminology.hl7.org/CodeSystem/measure-population code 'initial-population' = 'Initial Population)</span></p><p><b>count</b>: 20</p></blockquote><blockquote><p><b>population</b></p><p><b>id</b>: numICUBedsOcc</p><p><b>code</b>: Initial Population <span style="background: LightGoldenRodYellow">(Details : {http://terminology.hl7.org/CodeSystem/measure-population code 'initial-population' = 'Initial Population)</span></p><p><b>count</b>: 12</p></blockquote></blockquote><blockquote><p><b>group</b></p><p><b>code</b>: Patient Impact <span style="background: LightGoldenRodYellow">(Details )</span></p><blockquote><p><b>population</b></p><p><b>id</b>: numC19HospPats</p><p><b>code</b>: Initial Population <span style="background: LightGoldenRodYellow">(Details : {http://terminology.hl7.org/CodeSystem/measure-population code 'initial-population' = 'Initial Population)</span></p><p><b>count</b>: 22</p></blockquote><blockquote><p><b>population</b></p><p><b>id</b>: numC19MechVentPats</p><p><b>code</b>: Initial Population <span style="background: LightGoldenRodYellow">(Details : {http://terminology.hl7.org/CodeSystem/measure-population code 'initial-population' = 'Initial Population)</span></p><p><b>count</b>: 5</p></blockquote><blockquote><p><b>population</b></p><p><b>id</b>: numC19HOPats</p><p><b>code</b>: Initial Population <span style="background: LightGoldenRodYellow">(Details : {http://terminology.hl7.org/CodeSystem/measure-population code 'initial-population' = 'Initial Population)</span></p><p><b>count</b>: 0</p></blockquote><blockquote><p><b>population</b></p><p><b>id</b>: numC19OverflowPats</p><p><b>code</b>: Initial Population <span style="background: LightGoldenRodYellow">(Details : {http://terminology.hl7.org/CodeSystem/measure-population code 'initial-population' = 'Initial Population)</span></p><p><b>count</b>: 0</p></blockquote><blockquote><p><b>population</b></p><p><b>id</b>: numC19OFMechVentPats</p><p><b>code</b>: Initial Population <span style="background: LightGoldenRodYellow">(Details : {http://terminology.hl7.org/CodeSystem/measure-population code 'initial-population' = 'Initial Population)</span></p><p><b>count</b>: 0</p></blockquote><blockquote><p><b>population</b></p><p><b>id</b>: numC19Died</p><p><b>code</b>: Initial Population <span style="background: LightGoldenRodYellow">(Details : {http://terminology.hl7.org/CodeSystem/measure-population code 'initial-population' = 'Initial Population)</span></p><p><b>count</b>: 0</p></blockquote></blockquote></div>
        </text>
        <status value="complete"/>
        <type value="individual"/>
        <measure value="http://cdcmeasures.example.org/modules/covid19/20200331/numTotBeds"/>
        <subject>
          <identifier>
            <system value="urn:oid:2.16.840.1.113883.6.277"/>
            <value value="2.16.840.1.113883.6.277.123"/>
          </identifier>
        </subject>
        <date value="2020-04-04T07:00:53.208624Z"/>
        <reporter>
          <identifier>
            <system value="urn:oid:2.16.840.1.113883.6.277"/>
            <value value="2.16.840.1.113883.6.277.123"/>
          </identifier>
        </reporter>
        <period>
          <start value="2020-04-01"/>
          <end value="2020-04-01"/>
        </period>
        <group>
          <code>
            <text value="Hospital Bed/ICU Capacity"/>
          </code>
          <population id="numVent">
            <code>
              <coding>
                <system value="http://terminology.hl7.org/CodeSystem/measure-population"/>
                <code value="initial-population"/>
              </coding>
            </code>
            <count value="20"/>
          </population>
          <population id="numVentUse">
            <code>
              <coding>
                <system value="http://terminology.hl7.org/CodeSystem/measure-population"/>
                <code value="initial-population"/>
              </coding>
            </code>
            <count value="5"/>
          </population>
        </group>
        <group>
          <code>
            <text value="Hospital Ventilator Capacity"/>
          </code>
          <population id="numTotBeds">
            <code>
              <coding>
                <system value="http://terminology.hl7.org/CodeSystem/measure-population"/>
                <code value="initial-population"/>
              </coding>
            </code>
            <count value="125"/>
          </population>
          <population id="numbeds">
            <code>
              <coding>
                <system value="http://terminology.hl7.org/CodeSystem/measure-population"/>
                <code value="initial-population"/>
              </coding>
            </code>
            <count value="100"/>
          </population>
          <population id="numBedsOcc">
            <code>
              <coding>
                <system value="http://terminology.hl7.org/CodeSystem/measure-population"/>
                <code value="initial-population"/>
              </coding>
            </code>
            <count value="74"/>
          </population>
          <population id="numICUBeds">
            <code>
              <coding>
                <system value="http://terminology.hl7.org/CodeSystem/measure-population"/>
                <code value="initial-population"/>
              </coding>
            </code>
            <count value="20"/>
          </population>
          <population id="numICUBedsOcc">
            <code>
              <coding>
                <system value="http://terminology.hl7.org/CodeSystem/measure-population"/>
                <code value="initial-population"/>
              </coding>
            </code>
            <count value="12"/>
          </population>
        </group>
        <group>
          <code>
            <text value="Patient Impact"/>
          </code>
          <population id="numC19HospPats">
            <code>
              <coding>
                <system value="http://terminology.hl7.org/CodeSystem/measure-population"/>
                <code value="initial-population"/>
              </coding>
            </code>
            <count value="22"/>
          </population>
          <population id="numC19MechVentPats">
            <code>
              <coding>
                <system value="http://terminology.hl7.org/CodeSystem/measure-population"/>
                <code value="initial-population"/>
              </coding>
            </code>
            <count value="5"/>
          </population>
          <population id="numC19HOPats">
            <code>
              <coding>
                <system value="http://terminology.hl7.org/CodeSystem/measure-population"/>
                <code value="initial-population"/>
              </coding>
            </code>
            <count value="0"/>
          </population>
          <population id="numC19OverflowPats">
            <code>
              <coding>
                <system value="http://terminology.hl7.org/CodeSystem/measure-population"/>
                <code value="initial-population"/>
              </coding>
            </code>
            <count value="0"/>
          </population>
          <population id="numC19OFMechVentPats">
            <code>
              <coding>
                <system value="http://terminology.hl7.org/CodeSystem/measure-population"/>
                <code value="initial-population"/>
              </coding>
            </code>
            <count value="0"/>
          </population>
          <population id="numC19Died">
            <code>
              <coding>
                <system value="http://terminology.hl7.org/CodeSystem/measure-population"/>
                <code value="initial-population"/>
              </coding>
            </code>
            <count value="0"/>
          </population>
        </group>
      </MeasureReport>
    </resource>
    <request>
      <method value="POST"/>
      <url value="MeasureReport"/>
    </request>
  </entry>
  <entry>
    <fullUrl value="urn:uuid:06dc071c-7642-11ea-be32-a4d18ccf5172"/>
    <resource>
      <MeasureReport>
        <id value="06dc071c-7642-11ea-be32-a4d18ccf5172"/>
        <text>
          <status value="generated"/><div xmlns="http://www.w3.org/1999/xhtml"><p><b>Generated Narrative with Details</b></p><p><b>id</b>: 06dc071c-7642-11ea-be32-a4d18ccf5172</p><p><b>status</b>: complete</p><p><b>type</b>: individual</p><p><b>measure</b>: <a href="http://cdcmeasures.example.org/modules/covid19/20200331/numTotBeds">http://cdcmeasures.example.org/modules/covid19/20200331/numTotBeds</a></p><p><b>subject</b>: </p><p><b>date</b>: Apr 4, 2020, 12:00:53 AM</p><p><b>reporter</b>: </p><p><b>period</b>: Apr 2, 2020, 12:00:00 AM --&gt; Apr 2, 2020, 12:00:00 AM</p><blockquote><p><b>group</b></p><p><b>code</b>: Hospital Bed/ICU Capacity <span style="background: LightGoldenRodYellow">(Details )</span></p><blockquote><p><b>population</b></p><p><b>id</b>: numVent</p><p><b>code</b>: Initial Population <span style="background: LightGoldenRodYellow">(Details : {http://terminology.hl7.org/CodeSystem/measure-population code 'initial-population' = 'Initial Population)</span></p><p><b>count</b>: 20</p></blockquote><blockquote><p><b>population</b></p><p><b>id</b>: numVentUse</p><p><b>code</b>: Initial Population <span style="background: LightGoldenRodYellow">(Details : {http://terminology.hl7.org/CodeSystem/measure-population code 'initial-population' = 'Initial Population)</span></p><p><b>count</b>: 5</p></blockquote></blockquote><blockquote><p><b>group</b></p><p><b>code</b>: Hospital Ventilator Capacity <span style="background: LightGoldenRodYellow">(Details )</span></p><blockquote><p><b>population</b></p><p><b>id</b>: numTotBeds</p><p><b>code</b>: Initial Population <span style="background: LightGoldenRodYellow">(Details : {http://terminology.hl7.org/CodeSystem/measure-population code 'initial-population' = 'Initial Population)</span></p><p><b>count</b>: 125</p></blockquote><blockquote><p><b>population</b></p><p><b>id</b>: numbeds</p><p><b>code</b>: Initial Population <span style="background: LightGoldenRodYellow">(Details : {http://terminology.hl7.org/CodeSystem/measure-population code 'initial-population' = 'Initial Population)</span></p><p><b>count</b>: 100</p></blockquote><blockquote><p><b>population</b></p><p><b>id</b>: numBedsOcc</p><p><b>code</b>: Initial Population <span style="background: LightGoldenRodYellow">(Details : {http://terminology.hl7.org/CodeSystem/measure-population code 'initial-population' = 'Initial Population)</span></p><p><b>count</b>: 76</p></blockquote><blockquote><p><b>population</b></p><p><b>id</b>: numICUBeds</p><p><b>code</b>: Initial Population <span style="background: LightGoldenRodYellow">(Details : {http://terminology.hl7.org/CodeSystem/measure-population code 'initial-population' = 'Initial Population)</span></p><p><b>count</b>: 20</p></blockquote><blockquote><p><b>population</b></p><p><b>id</b>: numICUBedsOcc</p><p><b>code</b>: Initial Population <span style="background: LightGoldenRodYellow">(Details : {http://terminology.hl7.org/CodeSystem/measure-population code 'initial-population' = 'Initial Population)</span></p><p><b>count</b>: 13</p></blockquote></blockquote><blockquote><p><b>group</b></p><p><b>code</b>: Patient Impact <span style="background: LightGoldenRodYellow">(Details )</span></p><blockquote><p><b>population</b></p><p><b>id</b>: numC19HospPats</p><p><b>code</b>: Initial Population <span style="background: LightGoldenRodYellow">(Details : {http://terminology.hl7.org/CodeSystem/measure-population code 'initial-population' = 'Initial Population)</span></p><p><b>count</b>: 23</p></blockquote><blockquote><p><b>population</b></p><p><b>id</b>: numC19MechVentPats</p><p><b>code</b>: Initial Population <span style="background: LightGoldenRodYellow">(Details : {http://terminology.hl7.org/CodeSystem/measure-population code 'initial-population' = 'Initial Population)</span></p><p><b>count</b>: 5</p></blockquote><blockquote><p><b>population</b></p><p><b>id</b>: numC19HOPats</p><p><b>code</b>: Initial Population <span style="background: LightGoldenRodYellow">(Details : {http://terminology.hl7.org/CodeSystem/measure-population code 'initial-population' = 'Initial Population)</span></p><p><b>count</b>: 0</p></blockquote><blockquote><p><b>population</b></p><p><b>id</b>: numC19OverflowPats</p><p><b>code</b>: Initial Population <span style="background: LightGoldenRodYellow">(Details : {http://terminology.hl7.org/CodeSystem/measure-population code 'initial-population' = 'Initial Population)</span></p><p><b>count</b>: 0</p></blockquote><blockquote><p><b>population</b></p><p><b>id</b>: numC19OFMechVentPats</p><p><b>code</b>: Initial Population <span style="background: LightGoldenRodYellow">(Details : {http://terminology.hl7.org/CodeSystem/measure-population code 'initial-population' = 'Initial Population)</span></p><p><b>count</b>: 0</p></blockquote><blockquote><p><b>population</b></p><p><b>id</b>: numC19Died</p><p><b>code</b>: Initial Population <span style="background: LightGoldenRodYellow">(Details : {http://terminology.hl7.org/CodeSystem/measure-population code 'initial-population' = 'Initial Population)</span></p><p><b>count</b>: 0</p></blockquote></blockquote></div>
        </text>
        <status value="complete"/>
        <type value="individual"/>
        <measure value="http://cdcmeasures.example.org/modules/covid19/20200331/numTotBeds"/>
        <subject>
          <identifier>
            <system value="urn:oid:2.16.840.1.113883.6.277"/>
            <value value="2.16.840.1.113883.6.277.123"/>
          </identifier>
        </subject>
        <date value="2020-04-04T07:00:53.208624Z"/>
        <reporter>
          <identifier>
            <system value="urn:oid:2.16.840.1.113883.6.277"/>
            <value value="2.16.840.1.113883.6.277.123"/>
          </identifier>
        </reporter>
        <period>
          <start value="2020-04-02"/>
          <end value="2020-04-02"/>
        </period>
        <group>
          <code>
            <text value="Hospital Bed/ICU Capacity"/>
          </code>
          <population id="numVent">
            <code>
              <coding>
                <system value="http://terminology.hl7.org/CodeSystem/measure-population"/>
                <code value="initial-population"/>
              </coding>
            </code>
            <count value="20"/>
          </population>
          <population id="numVentUse">
            <code>
              <coding>
                <system value="http://terminology.hl7.org/CodeSystem/measure-population"/>
                <code value="initial-population"/>
              </coding>
            </code>
            <count value="5"/>
          </population>
        </group>
        <group>
          <code>
            <text value="Hospital Ventilator Capacity"/>
          </code>
          <population id="numTotBeds">
            <code>
              <coding>
                <system value="http://terminology.hl7.org/CodeSystem/measure-population"/>
                <code value="initial-population"/>
              </coding>
            </code>
            <count value="125"/>
          </population>
          <population id="numbeds">
            <code>
              <coding>
                <system value="http://terminology.hl7.org/CodeSystem/measure-population"/>
                <code value="initial-population"/>
              </coding>
            </code>
            <count value="100"/>
          </population>
          <population id="numBedsOcc">
            <code>
              <coding>
                <system value="http://terminology.hl7.org/CodeSystem/measure-population"/>
                <code value="initial-population"/>
              </coding>
            </code>
            <count value="76"/>
          </population>
          <population id="numICUBeds">
            <code>
              <coding>
                <system value="http://terminology.hl7.org/CodeSystem/measure-population"/>
                <code value="initial-population"/>
              </coding>
            </code>
            <count value="20"/>
          </population>
          <population id="numICUBedsOcc">
            <code>
              <coding>
                <system value="http://terminology.hl7.org/CodeSystem/measure-population"/>
                <code value="initial-population"/>
              </coding>
            </code>
            <count value="13"/>
          </population>
        </group>
        <group>
          <code>
            <text value="Patient Impact"/>
          </code>
          <population id="numC19HospPats">
            <code>
              <coding>
                <system value="http://terminology.hl7.org/CodeSystem/measure-population"/>
                <code value="initial-population"/>
              </coding>
            </code>
            <count value="23"/>
          </population>
          <population id="numC19MechVentPats">
            <code>
              <coding>
                <system value="http://terminology.hl7.org/CodeSystem/measure-population"/>
                <code value="initial-population"/>
              </coding>
            </code>
            <count value="5"/>
          </population>
          <population id="numC19HOPats">
            <code>
              <coding>
                <system value="http://terminology.hl7.org/CodeSystem/measure-population"/>
                <code value="initial-population"/>
              </coding>
            </code>
            <count value="0"/>
          </population>
          <population id="numC19OverflowPats">
            <code>
              <coding>
                <system value="http://terminology.hl7.org/CodeSystem/measure-population"/>
                <code value="initial-population"/>
              </coding>
            </code>
            <count value="0"/>
          </population>
          <population id="numC19OFMechVentPats">
            <code>
              <coding>
                <system value="http://terminology.hl7.org/CodeSystem/measure-population"/>
                <code value="initial-population"/>
              </coding>
            </code>
            <count value="0"/>
          </population>
          <population id="numC19Died">
            <code>
              <coding>
                <system value="http://terminology.hl7.org/CodeSystem/measure-population"/>
                <code value="initial-population"/>
              </coding>
            </code>
            <count value="0"/>
          </population>
        </group>
      </MeasureReport>
    </resource>
    <request>
      <method value="POST"/>
      <url value="MeasureReport"/>
    </request>
  </entry>
  <entry>
    <fullUrl value="urn:uuid:07061d9a-7642-11ea-be32-a4d18ccf5172"/>
    <resource>
      <MeasureReport>
        <id value="07061d9a-7642-11ea-be32-a4d18ccf5172"/>
        <text>
          <status value="generated"/><div xmlns="http://www.w3.org/1999/xhtml"><p><b>Generated Narrative with Details</b></p><p><b>id</b>: 07061d9a-7642-11ea-be32-a4d18ccf5172</p><p><b>status</b>: complete</p><p><b>type</b>: individual</p><p><b>measure</b>: <a href="http://cdcmeasures.example.org/modules/covid19/20200331/numTotBeds">http://cdcmeasures.example.org/modules/covid19/20200331/numTotBeds</a></p><p><b>subject</b>: </p><p><b>date</b>: Apr 4, 2020, 12:00:53 AM</p><p><b>reporter</b>: </p><p><b>period</b>: Apr 3, 2020, 12:00:00 AM --&gt; Apr 3, 2020, 12:00:00 AM</p><blockquote><p><b>group</b></p><p><b>code</b>: Hospital Bed/ICU Capacity <span style="background: LightGoldenRodYellow">(Details )</span></p><blockquote><p><b>population</b></p><p><b>id</b>: numVent</p><p><b>code</b>: Initial Population <span style="background: LightGoldenRodYellow">(Details : {http://terminology.hl7.org/CodeSystem/measure-population code 'initial-population' = 'Initial Population)</span></p><p><b>count</b>: 20</p></blockquote><blockquote><p><b>population</b></p><p><b>id</b>: numVentUse</p><p><b>code</b>: Initial Population <span style="background: LightGoldenRodYellow">(Details : {http://terminology.hl7.org/CodeSystem/measure-population code 'initial-population' = 'Initial Population)</span></p><p><b>count</b>: 7</p></blockquote></blockquote><blockquote><p><b>group</b></p><p><b>code</b>: Hospital Ventilator Capacity <span style="background: LightGoldenRodYellow">(Details )</span></p><blockquote><p><b>population</b></p><p><b>id</b>: numTotBeds</p><p><b>code</b>: Initial Population <span style="background: LightGoldenRodYellow">(Details : {http://terminology.hl7.org/CodeSystem/measure-population code 'initial-population' = 'Initial Population)</span></p><p><b>count</b>: 125</p></blockquote><blockquote><p><b>population</b></p><p><b>id</b>: numbeds</p><p><b>code</b>: Initial Population <span style="background: LightGoldenRodYellow">(Details : {http://terminology.hl7.org/CodeSystem/measure-population code 'initial-population' = 'Initial Population)</span></p><p><b>count</b>: 100</p></blockquote><blockquote><p><b>population</b></p><p><b>id</b>: numBedsOcc</p><p><b>code</b>: Initial Population <span style="background: LightGoldenRodYellow">(Details : {http://terminology.hl7.org/CodeSystem/measure-population code 'initial-population' = 'Initial Population)</span></p><p><b>count</b>: 78</p></blockquote><blockquote><p><b>population</b></p><p><b>id</b>: numICUBeds</p><p><b>code</b>: Initial Population <span style="background: LightGoldenRodYellow">(Details : {http://terminology.hl7.org/CodeSystem/measure-population code 'initial-population' = 'Initial Population)</span></p><p><b>count</b>: 20</p></blockquote><blockquote><p><b>population</b></p><p><b>id</b>: numICUBedsOcc</p><p><b>code</b>: Initial Population <span style="background: LightGoldenRodYellow">(Details : {http://terminology.hl7.org/CodeSystem/measure-population code 'initial-population' = 'Initial Population)</span></p><p><b>count</b>: 14</p></blockquote></blockquote><blockquote><p><b>group</b></p><p><b>code</b>: Patient Impact <span style="background: LightGoldenRodYellow">(Details )</span></p><blockquote><p><b>population</b></p><p><b>id</b>: numC19HospPats</p><p><b>code</b>: Initial Population <span style="background: LightGoldenRodYellow">(Details : {http://terminology.hl7.org/CodeSystem/measure-population code 'initial-population' = 'Initial Population)</span></p><p><b>count</b>: 24</p></blockquote><blockquote><p><b>population</b></p><p><b>id</b>: numC19MechVentPats</p><p><b>code</b>: Initial Population <span style="background: LightGoldenRodYellow">(Details : {http://terminology.hl7.org/CodeSystem/measure-population code 'initial-population' = 'Initial Population)</span></p><p><b>count</b>: 7</p></blockquote><blockquote><p><b>population</b></p><p><b>id</b>: numC19HOPats</p><p><b>code</b>: Initial Population <span style="background: LightGoldenRodYellow">(Details : {http://terminology.hl7.org/CodeSystem/measure-population code 'initial-population' = 'Initial Population)</span></p><p><b>count</b>: 0</p></blockquote><blockquote><p><b>population</b></p><p><b>id</b>: numC19OverflowPats</p><p><b>code</b>: Initial Population <span style="background: LightGoldenRodYellow">(Details : {http://terminology.hl7.org/CodeSystem/measure-population code 'initial-population' = 'Initial Population)</span></p><p><b>count</b>: 0</p></blockquote><blockquote><p><b>population</b></p><p><b>id</b>: numC19OFMechVentPats</p><p><b>code</b>: Initial Population <span style="background: LightGoldenRodYellow">(Details : {http://terminology.hl7.org/CodeSystem/measure-population code 'initial-population' = 'Initial Population)</span></p><p><b>count</b>: 0</p></blockquote><blockquote><p><b>population</b></p><p><b>id</b>: numC19Died</p><p><b>code</b>: Initial Population <span style="background: LightGoldenRodYellow">(Details : {http://terminology.hl7.org/CodeSystem/measure-population code 'initial-population' = 'Initial Population)</span></p><p><b>count</b>: 1</p></blockquote></blockquote></div>
        </text>
        <status value="complete"/>
        <type value="individual"/>
        <measure value="http://cdcmeasures.example.org/modules/covid19/20200331/numTotBeds"/>
        <subject>
          <identifier>
            <system value="urn:oid:2.16.840.1.113883.6.277"/>
            <value value="2.16.840.1.113883.6.277.123"/>
          </identifier>
        </subject>
        <date value="2020-04-04T07:00:53.208624Z"/>
        <reporter>
          <identifier>
            <system value="urn:oid:2.16.840.1.113883.6.277"/>
            <value value="2.16.840.1.113883.6.277.123"/>
          </identifier>
        </reporter>
        <period>
          <start value="2020-04-03"/>
          <end value="2020-04-03"/>
        </period>
        <group>
          <code>
            <text value="Hospital Bed/ICU Capacity"/>
          </code>
          <population id="numVent">
            <code>
              <coding>
                <system value="http://terminology.hl7.org/CodeSystem/measure-population"/>
                <code value="initial-population"/>
              </coding>
            </code>
            <count value="20"/>
          </population>
          <population id="numVentUse">
            <code>
              <coding>
                <system value="http://terminology.hl7.org/CodeSystem/measure-population"/>
                <code value="initial-population"/>
              </coding>
            </code>
            <count value="7"/>
          </population>
        </group>
        <group>
          <code>
            <text value="Hospital Ventilator Capacity"/>
          </code>
          <population id="numTotBeds">
            <code>
              <coding>
                <system value="http://terminology.hl7.org/CodeSystem/measure-population"/>
                <code value="initial-population"/>
              </coding>
            </code>
            <count value="125"/>
          </population>
          <population id="numbeds">
            <code>
              <coding>
                <system value="http://terminology.hl7.org/CodeSystem/measure-population"/>
                <code value="initial-population"/>
              </coding>
            </code>
            <count value="100"/>
          </population>
          <population id="numBedsOcc">
            <code>
              <coding>
                <system value="http://terminology.hl7.org/CodeSystem/measure-population"/>
                <code value="initial-population"/>
              </coding>
            </code>
            <count value="78"/>
          </population>
          <population id="numICUBeds">
            <code>
              <coding>
                <system value="http://terminology.hl7.org/CodeSystem/measure-population"/>
                <code value="initial-population"/>
              </coding>
            </code>
            <count value="20"/>
          </population>
          <population id="numICUBedsOcc">
            <code>
              <coding>
                <system value="http://terminology.hl7.org/CodeSystem/measure-population"/>
                <code value="initial-population"/>
              </coding>
            </code>
            <count value="14"/>
          </population>
        </group>
        <group>
          <code>
            <text value="Patient Impact"/>
          </code>
          <population id="numC19HospPats">
            <code>
              <coding>
                <system value="http://terminology.hl7.org/CodeSystem/measure-population"/>
                <code value="initial-population"/>
              </coding>
            </code>
            <count value="24"/>
          </population>
          <population id="numC19MechVentPats">
            <code>
              <coding>
                <system value="http://terminology.hl7.org/CodeSystem/measure-population"/>
                <code value="initial-population"/>
              </coding>
            </code>
            <count value="7"/>
          </population>
          <population id="numC19HOPats">
            <code>
              <coding>
                <system value="http://terminology.hl7.org/CodeSystem/measure-population"/>
                <code value="initial-population"/>
              </coding>
            </code>
            <count value="0"/>
          </population>
          <population id="numC19OverflowPats">
            <code>
              <coding>
                <system value="http://terminology.hl7.org/CodeSystem/measure-population"/>
                <code value="initial-population"/>
              </coding>
            </code>
            <count value="0"/>
          </population>
          <population id="numC19OFMechVentPats">
            <code>
              <coding>
                <system value="http://terminology.hl7.org/CodeSystem/measure-population"/>
                <code value="initial-population"/>
              </coding>
            </code>
            <count value="0"/>
          </population>
          <population id="numC19Died">
            <code>
              <coding>
                <system value="http://terminology.hl7.org/CodeSystem/measure-population"/>
                <code value="initial-population"/>
              </coding>
            </code>
            <count value="1"/>
          </population>
        </group>
      </MeasureReport>
    </resource>
    <request>
      <method value="POST"/>
      <url value="MeasureReport"/>
    </request>
  </entry>
  <entry>
    <fullUrl value="urn:uuid:072ed33e-7642-11ea-be32-a4d18ccf5172"/>
    <resource>
      <MeasureReport>
        <id value="072ed33e-7642-11ea-be32-a4d18ccf5172"/>
        <text>
          <status value="generated"/><div xmlns="http://www.w3.org/1999/xhtml"><p><b>Generated Narrative with Details</b></p><p><b>id</b>: 072ed33e-7642-11ea-be32-a4d18ccf5172</p><p><b>status</b>: complete</p><p><b>type</b>: individual</p><p><b>measure</b>: <a href="http://cdcmeasures.example.org/modules/covid19/20200331/numTotBeds">http://cdcmeasures.example.org/modules/covid19/20200331/numTotBeds</a></p><p><b>subject</b>: </p><p><b>date</b>: Apr 4, 2020, 12:00:53 AM</p><p><b>reporter</b>: </p><p><b>period</b>: Apr 4, 2020, 12:00:00 AM --&gt; Apr 4, 2020, 12:00:00 AM</p><blockquote><p><b>group</b></p><p><b>code</b>: Hospital Bed/ICU Capacity <span style="background: LightGoldenRodYellow">(Details )</span></p><blockquote><p><b>population</b></p><p><b>id</b>: numVent</p><p><b>code</b>: Initial Population <span style="background: LightGoldenRodYellow">(Details : {http://terminology.hl7.org/CodeSystem/measure-population code 'initial-population' = 'Initial Population)</span></p><p><b>count</b>: 20</p></blockquote><blockquote><p><b>population</b></p><p><b>id</b>: numVentUse</p><p><b>code</b>: Initial Population <span style="background: LightGoldenRodYellow">(Details : {http://terminology.hl7.org/CodeSystem/measure-population code 'initial-population' = 'Initial Population)</span></p><p><b>count</b>: 7</p></blockquote></blockquote><blockquote><p><b>group</b></p><p><b>code</b>: Hospital Ventilator Capacity <span style="background: LightGoldenRodYellow">(Details )</span></p><blockquote><p><b>population</b></p><p><b>id</b>: numTotBeds</p><p><b>code</b>: Initial Population <span style="background: LightGoldenRodYellow">(Details : {http://terminology.hl7.org/CodeSystem/measure-population code 'initial-population' = 'Initial Population)</span></p><p><b>count</b>: 125</p></blockquote><blockquote><p><b>population</b></p><p><b>id</b>: numbeds</p><p><b>code</b>: Initial Population <span style="background: LightGoldenRodYellow">(Details : {http://terminology.hl7.org/CodeSystem/measure-population code 'initial-population' = 'Initial Population)</span></p><p><b>count</b>: 100</p></blockquote><blockquote><p><b>population</b></p><p><b>id</b>: numBedsOcc</p><p><b>code</b>: Initial Population <span style="background: LightGoldenRodYellow">(Details : {http://terminology.hl7.org/CodeSystem/measure-population code 'initial-population' = 'Initial Population)</span></p><p><b>count</b>: 80</p></blockquote><blockquote><p><b>population</b></p><p><b>id</b>: numICUBeds</p><p><b>code</b>: Initial Population <span style="background: LightGoldenRodYellow">(Details : {http://terminology.hl7.org/CodeSystem/measure-population code 'initial-population' = 'Initial Population)</span></p><p><b>count</b>: 20</p></blockquote><blockquote><p><b>population</b></p><p><b>id</b>: numICUBedsOcc</p><p><b>code</b>: Initial Population <span style="background: LightGoldenRodYellow">(Details : {http://terminology.hl7.org/CodeSystem/measure-population code 'initial-population' = 'Initial Population)</span></p><p><b>count</b>: 15</p></blockquote></blockquote><blockquote><p><b>group</b></p><p><b>code</b>: Patient Impact <span style="background: LightGoldenRodYellow">(Details )</span></p><blockquote><p><b>population</b></p><p><b>id</b>: numC19HospPats</p><p><b>code</b>: Initial Population <span style="background: LightGoldenRodYellow">(Details : {http://terminology.hl7.org/CodeSystem/measure-population code 'initial-population' = 'Initial Population)</span></p><p><b>count</b>: 25</p></blockquote><blockquote><p><b>population</b></p><p><b>id</b>: numC19MechVentPats</p><p><b>code</b>: Initial Population <span style="background: LightGoldenRodYellow">(Details : {http://terminology.hl7.org/CodeSystem/measure-population code 'initial-population' = 'Initial Population)</span></p><p><b>count</b>: 7</p></blockquote><blockquote><p><b>population</b></p><p><b>id</b>: numC19HOPats</p><p><b>code</b>: Initial Population <span style="background: LightGoldenRodYellow">(Details : {http://terminology.hl7.org/CodeSystem/measure-population code 'initial-population' = 'Initial Population)</span></p><p><b>count</b>: 0</p></blockquote><blockquote><p><b>population</b></p><p><b>id</b>: numC19OverflowPats</p><p><b>code</b>: Initial Population <span style="background: LightGoldenRodYellow">(Details : {http://terminology.hl7.org/CodeSystem/measure-population code 'initial-population' = 'Initial Population)</span></p><p><b>count</b>: 0</p></blockquote><blockquote><p><b>population</b></p><p><b>id</b>: numC19OFMechVentPats</p><p><b>code</b>: Initial Population <span style="background: LightGoldenRodYellow">(Details : {http://terminology.hl7.org/CodeSystem/measure-population code 'initial-population' = 'Initial Population)</span></p><p><b>count</b>: 0</p></blockquote><blockquote><p><b>population</b></p><p><b>id</b>: numC19Died</p><p><b>code</b>: Initial Population <span style="background: LightGoldenRodYellow">(Details : {http://terminology.hl7.org/CodeSystem/measure-population code 'initial-population' = 'Initial Population)</span></p><p><b>count</b>: 0</p></blockquote></blockquote></div>
        </text>
        <status value="complete"/>
        <type value="individual"/>
        <measure value="http://cdcmeasures.example.org/modules/covid19/20200331/numTotBeds"/>
        <subject>
          <identifier>
            <system value="urn:oid:2.16.840.1.113883.6.277"/>
            <value value="2.16.840.1.113883.6.277.123"/>
          </identifier>
        </subject>
        <date value="2020-04-04T07:00:53.208624Z"/>
        <reporter>
          <identifier>
            <system value="urn:oid:2.16.840.1.113883.6.277"/>
            <value value="2.16.840.1.113883.6.277.123"/>
          </identifier>
        </reporter>
        <period>
          <start value="2020-04-04"/>
          <end value="2020-04-04"/>
        </period>
        <group>
          <code>
            <text value="Hospital Bed/ICU Capacity"/>
          </code>
          <population id="numVent">
            <code>
              <coding>
                <system value="http://terminology.hl7.org/CodeSystem/measure-population"/>
                <code value="initial-population"/>
              </coding>
            </code>
            <count value="20"/>
          </population>
          <population id="numVentUse">
            <code>
              <coding>
                <system value="http://terminology.hl7.org/CodeSystem/measure-population"/>
                <code value="initial-population"/>
              </coding>
            </code>
            <count value="7"/>
          </population>
        </group>
        <group>
          <code>
            <text value="Hospital Ventilator Capacity"/>
          </code>
          <population id="numTotBeds">
            <code>
              <coding>
                <system value="http://terminology.hl7.org/CodeSystem/measure-population"/>
                <code value="initial-population"/>
              </coding>
            </code>
            <count value="125"/>
          </population>
          <population id="numbeds">
            <code>
              <coding>
                <system value="http://terminology.hl7.org/CodeSystem/measure-population"/>
                <code value="initial-population"/>
              </coding>
            </code>
            <count value="100"/>
          </population>
          <population id="numBedsOcc">
            <code>
              <coding>
                <system value="http://terminology.hl7.org/CodeSystem/measure-population"/>
                <code value="initial-population"/>
              </coding>
            </code>
            <count value="80"/>
          </population>
          <population id="numICUBeds">
            <code>
              <coding>
                <system value="http://terminology.hl7.org/CodeSystem/measure-population"/>
                <code value="initial-population"/>
              </coding>
            </code>
            <count value="20"/>
          </population>
          <population id="numICUBedsOcc">
            <code>
              <coding>
                <system value="http://terminology.hl7.org/CodeSystem/measure-population"/>
                <code value="initial-population"/>
              </coding>
            </code>
            <count value="15"/>
          </population>
        </group>
        <group>
          <code>
            <text value="Patient Impact"/>
          </code>
          <population id="numC19HospPats">
            <code>
              <coding>
                <system value="http://terminology.hl7.org/CodeSystem/measure-population"/>
                <code value="initial-population"/>
              </coding>
            </code>
            <count value="25"/>
          </population>
          <population id="numC19MechVentPats">
            <code>
              <coding>
                <system value="http://terminology.hl7.org/CodeSystem/measure-population"/>
                <code value="initial-population"/>
              </coding>
            </code>
            <count value="7"/>
          </population>
          <population id="numC19HOPats">
            <code>
              <coding>
                <system value="http://terminology.hl7.org/CodeSystem/measure-population"/>
                <code value="initial-population"/>
              </coding>
            </code>
            <count value="0"/>
          </population>
          <population id="numC19OverflowPats">
            <code>
              <coding>
                <system value="http://terminology.hl7.org/CodeSystem/measure-population"/>
                <code value="initial-population"/>
              </coding>
            </code>
            <count value="0"/>
          </population>
          <population id="numC19OFMechVentPats">
            <code>
              <coding>
                <system value="http://terminology.hl7.org/CodeSystem/measure-population"/>
                <code value="initial-population"/>
              </coding>
            </code>
            <count value="0"/>
          </population>
          <population id="numC19Died">
            <code>
              <coding>
                <system value="http://terminology.hl7.org/CodeSystem/measure-population"/>
                <code value="initial-population"/>
              </coding>
            </code>
            <count value="0"/>
          </population>
        </group>
      </MeasureReport>
    </resource>
    <request>
      <method value="POST"/>
      <url value="MeasureReport"/>
    </request>
  </entry>
  <entry>
    <fullUrl value="urn:uuid:075c4fb2-7642-11ea-be32-a4d18ccf5172"/>
    <resource>
      <MeasureReport>
        <id value="075c4fb2-7642-11ea-be32-a4d18ccf5172"/>
        <text>
          <status value="generated"/><div xmlns="http://www.w3.org/1999/xhtml"><p><b>Generated Narrative with Details</b></p><p><b>id</b>: 075c4fb2-7642-11ea-be32-a4d18ccf5172</p><p><b>status</b>: complete</p><p><b>type</b>: individual</p><p><b>measure</b>: <a href="http://cdcmeasures.example.org/modules/covid19/20200331/numTotBeds">http://cdcmeasures.example.org/modules/covid19/20200331/numTotBeds</a></p><p><b>subject</b>: </p><p><b>date</b>: Apr 4, 2020, 12:00:53 AM</p><p><b>reporter</b>: </p><p><b>period</b>: Apr 5, 2020, 12:00:00 AM --&gt; Apr 5, 2020, 12:00:00 AM</p><blockquote><p><b>group</b></p><p><b>code</b>: Hospital Bed/ICU Capacity <span style="background: LightGoldenRodYellow">(Details )</span></p><blockquote><p><b>population</b></p><p><b>id</b>: numVent</p><p><b>code</b>: Initial Population <span style="background: LightGoldenRodYellow">(Details : {http://terminology.hl7.org/CodeSystem/measure-population code 'initial-population' = 'Initial Population)</span></p><p><b>count</b>: 20</p></blockquote><blockquote><p><b>population</b></p><p><b>id</b>: numVentUse</p><p><b>code</b>: Initial Population <span style="background: LightGoldenRodYellow">(Details : {http://terminology.hl7.org/CodeSystem/measure-population code 'initial-population' = 'Initial Population)</span></p><p><b>count</b>: 9</p></blockquote></blockquote><blockquote><p><b>group</b></p><p><b>code</b>: Hospital Ventilator Capacity <span style="background: LightGoldenRodYellow">(Details )</span></p><blockquote><p><b>population</b></p><p><b>id</b>: numTotBeds</p><p><b>code</b>: Initial Population <span style="background: LightGoldenRodYellow">(Details : {http://terminology.hl7.org/CodeSystem/measure-population code 'initial-population' = 'Initial Population)</span></p><p><b>count</b>: 125</p></blockquote><blockquote><p><b>population</b></p><p><b>id</b>: numbeds</p><p><b>code</b>: Initial Population <span style="background: LightGoldenRodYellow">(Details : {http://terminology.hl7.org/CodeSystem/measure-population code 'initial-population' = 'Initial Population)</span></p><p><b>count</b>: 100</p></blockquote><blockquote><p><b>population</b></p><p><b>id</b>: numBedsOcc</p><p><b>code</b>: Initial Population <span style="background: LightGoldenRodYellow">(Details : {http://terminology.hl7.org/CodeSystem/measure-population code 'initial-population' = 'Initial Population)</span></p><p><b>count</b>: 82</p></blockquote><blockquote><p><b>population</b></p><p><b>id</b>: numICUBeds</p><p><b>code</b>: Initial Population <span style="background: LightGoldenRodYellow">(Details : {http://terminology.hl7.org/CodeSystem/measure-population code 'initial-population' = 'Initial Population)</span></p><p><b>count</b>: 20</p></blockquote><blockquote><p><b>population</b></p><p><b>id</b>: numICUBedsOcc</p><p><b>code</b>: Initial Population <span style="background: LightGoldenRodYellow">(Details : {http://terminology.hl7.org/CodeSystem/measure-population code 'initial-population' = 'Initial Population)</span></p><p><b>count</b>: 16</p></blockquote></blockquote><blockquote><p><b>group</b></p><p><b>code</b>: Patient Impact <span style="background: LightGoldenRodYellow">(Details )</span></p><blockquote><p><b>population</b></p><p><b>id</b>: numC19HospPats</p><p><b>code</b>: Initial Population <span style="background: LightGoldenRodYellow">(Details : {http://terminology.hl7.org/CodeSystem/measure-population code 'initial-population' = 'Initial Population)</span></p><p><b>count</b>: 26</p></blockquote><blockquote><p><b>population</b></p><p><b>id</b>: numC19MechVentPats</p><p><b>code</b>: Initial Population <span style="background: LightGoldenRodYellow">(Details : {http://terminology.hl7.org/CodeSystem/measure-population code 'initial-population' = 'Initial Population)</span></p><p><b>count</b>: 9</p></blockquote><blockquote><p><b>population</b></p><p><b>id</b>: numC19HOPats</p><p><b>code</b>: Initial Population <span style="background: LightGoldenRodYellow">(Details : {http://terminology.hl7.org/CodeSystem/measure-population code 'initial-population' = 'Initial Population)</span></p><p><b>count</b>: 0</p></blockquote><blockquote><p><b>population</b></p><p><b>id</b>: numC19OverflowPats</p><p><b>code</b>: Initial Population <span style="background: LightGoldenRodYellow">(Details : {http://terminology.hl7.org/CodeSystem/measure-population code 'initial-population' = 'Initial Population)</span></p><p><b>count</b>: 0</p></blockquote><blockquote><p><b>population</b></p><p><b>id</b>: numC19OFMechVentPats</p><p><b>code</b>: Initial Population <span style="background: LightGoldenRodYellow">(Details : {http://terminology.hl7.org/CodeSystem/measure-population code 'initial-population' = 'Initial Population)</span></p><p><b>count</b>: 0</p></blockquote><blockquote><p><b>population</b></p><p><b>id</b>: numC19Died</p><p><b>code</b>: Initial Population <span style="background: LightGoldenRodYellow">(Details : {http://terminology.hl7.org/CodeSystem/measure-population code 'initial-population' = 'Initial Population)</span></p><p><b>count</b>: 0</p></blockquote></blockquote></div>
        </text>
        <status value="complete"/>
        <type value="individual"/>
        <measure value="http://cdcmeasures.example.org/modules/covid19/20200331/numTotBeds"/>
        <subject>
          <identifier>
            <system value="urn:oid:2.16.840.1.113883.6.277"/>
            <value value="2.16.840.1.113883.6.277.123"/>
          </identifier>
        </subject>
        <date value="2020-04-04T07:00:53.208624Z"/>
        <reporter>
          <identifier>
            <system value="urn:oid:2.16.840.1.113883.6.277"/>
            <value value="2.16.840.1.113883.6.277.123"/>
          </identifier>
        </reporter>
        <period>
          <start value="2020-04-05"/>
          <end value="2020-04-05"/>
        </period>
        <group>
          <code>
            <text value="Hospital Bed/ICU Capacity"/>
          </code>
          <population id="numVent">
            <code>
              <coding>
                <system value="http://terminology.hl7.org/CodeSystem/measure-population"/>
                <code value="initial-population"/>
              </coding>
            </code>
            <count value="20"/>
          </population>
          <population id="numVentUse">
            <code>
              <coding>
                <system value="http://terminology.hl7.org/CodeSystem/measure-population"/>
                <code value="initial-population"/>
              </coding>
            </code>
            <count value="9"/>
          </population>
        </group>
        <group>
          <code>
            <text value="Hospital Ventilator Capacity"/>
          </code>
          <population id="numTotBeds">
            <code>
              <coding>
                <system value="http://terminology.hl7.org/CodeSystem/measure-population"/>
                <code value="initial-population"/>
              </coding>
            </code>
            <count value="125"/>
          </population>
          <population id="numbeds">
            <code>
              <coding>
                <system value="http://terminology.hl7.org/CodeSystem/measure-population"/>
                <code value="initial-population"/>
              </coding>
            </code>
            <count value="100"/>
          </population>
          <population id="numBedsOcc">
            <code>
              <coding>
                <system value="http://terminology.hl7.org/CodeSystem/measure-population"/>
                <code value="initial-population"/>
              </coding>
            </code>
            <count value="82"/>
          </population>
          <population id="numICUBeds">
            <code>
              <coding>
                <system value="http://terminology.hl7.org/CodeSystem/measure-population"/>
                <code value="initial-population"/>
              </coding>
            </code>
            <count value="20"/>
          </population>
          <population id="numICUBedsOcc">
            <code>
              <coding>
                <system value="http://terminology.hl7.org/CodeSystem/measure-population"/>
                <code value="initial-population"/>
              </coding>
            </code>
            <count value="16"/>
          </population>
        </group>
        <group>
          <code>
            <text value="Patient Impact"/>
          </code>
          <population id="numC19HospPats">
            <code>
              <coding>
                <system value="http://terminology.hl7.org/CodeSystem/measure-population"/>
                <code value="initial-population"/>
              </coding>
            </code>
            <count value="26"/>
          </population>
          <population id="numC19MechVentPats">
            <code>
              <coding>
                <system value="http://terminology.hl7.org/CodeSystem/measure-population"/>
                <code value="initial-population"/>
              </coding>
            </code>
            <count value="9"/>
          </population>
          <population id="numC19HOPats">
            <code>
              <coding>
                <system value="http://terminology.hl7.org/CodeSystem/measure-population"/>
                <code value="initial-population"/>
              </coding>
            </code>
            <count value="0"/>
          </population>
          <population id="numC19OverflowPats">
            <code>
              <coding>
                <system value="http://terminology.hl7.org/CodeSystem/measure-population"/>
                <code value="initial-population"/>
              </coding>
            </code>
            <count value="0"/>
          </population>
          <population id="numC19OFMechVentPats">
            <code>
              <coding>
                <system value="http://terminology.hl7.org/CodeSystem/measure-population"/>
                <code value="initial-population"/>
              </coding>
            </code>
            <count value="0"/>
          </population>
          <population id="numC19Died">
            <code>
              <coding>
                <system value="http://terminology.hl7.org/CodeSystem/measure-population"/>
                <code value="initial-population"/>
              </coding>
            </code>
            <count value="0"/>
          </population>
        </group>
      </MeasureReport>
    </resource>
    <request>
      <method value="POST"/>
      <url value="MeasureReport"/>
    </request>
  </entry>
  <entry>
    <fullUrl value="urn:uuid:07866220-7642-11ea-be32-a4d18ccf5172"/>
    <resource>
      <MeasureReport>
        <id value="07866220-7642-11ea-be32-a4d18ccf5172"/>
        <text>
          <status value="generated"/><div xmlns="http://www.w3.org/1999/xhtml"><p><b>Generated Narrative with Details</b></p><p><b>id</b>: 07866220-7642-11ea-be32-a4d18ccf5172</p><p><b>status</b>: complete</p><p><b>type</b>: individual</p><p><b>measure</b>: <a href="http://cdcmeasures.example.org/modules/covid19/20200331/numTotBeds">http://cdcmeasures.example.org/modules/covid19/20200331/numTotBeds</a></p><p><b>subject</b>: </p><p><b>date</b>: Apr 4, 2020, 12:00:53 AM</p><p><b>reporter</b>: </p><p><b>period</b>: Apr 6, 2020, 12:00:00 AM --&gt; Apr 6, 2020, 12:00:00 AM</p><blockquote><p><b>group</b></p><p><b>code</b>: Hospital Bed/ICU Capacity <span style="background: LightGoldenRodYellow">(Details )</span></p><blockquote><p><b>population</b></p><p><b>id</b>: numVent</p><p><b>code</b>: Initial Population <span style="background: LightGoldenRodYellow">(Details : {http://terminology.hl7.org/CodeSystem/measure-population code 'initial-population' = 'Initial Population)</span></p><p><b>count</b>: 20</p></blockquote><blockquote><p><b>population</b></p><p><b>id</b>: numVentUse</p><p><b>code</b>: Initial Population <span style="background: LightGoldenRodYellow">(Details : {http://terminology.hl7.org/CodeSystem/measure-population code 'initial-population' = 'Initial Population)</span></p><p><b>count</b>: 9</p></blockquote></blockquote><blockquote><p><b>group</b></p><p><b>code</b>: Hospital Ventilator Capacity <span style="background: LightGoldenRodYellow">(Details )</span></p><blockquote><p><b>population</b></p><p><b>id</b>: numTotBeds</p><p><b>code</b>: Initial Population <span style="background: LightGoldenRodYellow">(Details : {http://terminology.hl7.org/CodeSystem/measure-population code 'initial-population' = 'Initial Population)</span></p><p><b>count</b>: 125</p></blockquote><blockquote><p><b>population</b></p><p><b>id</b>: numbeds</p><p><b>code</b>: Initial Population <span style="background: LightGoldenRodYellow">(Details : {http://terminology.hl7.org/CodeSystem/measure-population code 'initial-population' = 'Initial Population)</span></p><p><b>count</b>: 100</p></blockquote><blockquote><p><b>population</b></p><p><b>id</b>: numBedsOcc</p><p><b>code</b>: Initial Population <span style="background: LightGoldenRodYellow">(Details : {http://terminology.hl7.org/CodeSystem/measure-population code 'initial-population' = 'Initial Population)</span></p><p><b>count</b>: 84</p></blockquote><blockquote><p><b>population</b></p><p><b>id</b>: numICUBeds</p><p><b>code</b>: Initial Population <span style="background: LightGoldenRodYellow">(Details : {http://terminology.hl7.org/CodeSystem/measure-population code 'initial-population' = 'Initial Population)</span></p><p><b>count</b>: 20</p></blockquote><blockquote><p><b>population</b></p><p><b>id</b>: numICUBedsOcc</p><p><b>code</b>: Initial Population <span style="background: LightGoldenRodYellow">(Details : {http://terminology.hl7.org/CodeSystem/measure-population code 'initial-population' = 'Initial Population)</span></p><p><b>count</b>: 17</p></blockquote></blockquote><blockquote><p><b>group</b></p><p><b>code</b>: Patient Impact <span style="background: LightGoldenRodYellow">(Details )</span></p><blockquote><p><b>population</b></p><p><b>id</b>: numC19HospPats</p><p><b>code</b>: Initial Population <span style="background: LightGoldenRodYellow">(Details : {http://terminology.hl7.org/CodeSystem/measure-population code 'initial-population' = 'Initial Population)</span></p><p><b>count</b>: 27</p></blockquote><blockquote><p><b>population</b></p><p><b>id</b>: numC19MechVentPats</p><p><b>code</b>: Initial Population <span style="background: LightGoldenRodYellow">(Details : {http://terminology.hl7.org/CodeSystem/measure-population code 'initial-population' = 'Initial Population)</span></p><p><b>count</b>: 9</p></blockquote><blockquote><p><b>population</b></p><p><b>id</b>: numC19HOPats</p><p><b>code</b>: Initial Population <span style="background: LightGoldenRodYellow">(Details : {http://terminology.hl7.org/CodeSystem/measure-population code 'initial-population' = 'Initial Population)</span></p><p><b>count</b>: 0</p></blockquote><blockquote><p><b>population</b></p><p><b>id</b>: numC19OverflowPats</p><p><b>code</b>: Initial Population <span style="background: LightGoldenRodYellow">(Details : {http://terminology.hl7.org/CodeSystem/measure-population code 'initial-population' = 'Initial Population)</span></p><p><b>count</b>: 0</p></blockquote><blockquote><p><b>population</b></p><p><b>id</b>: numC19OFMechVentPats</p><p><b>code</b>: Initial Population <span style="background: LightGoldenRodYellow">(Details : {http://terminology.hl7.org/CodeSystem/measure-population code 'initial-population' = 'Initial Population)</span></p><p><b>count</b>: 0</p></blockquote><blockquote><p><b>population</b></p><p><b>id</b>: numC19Died</p><p><b>code</b>: Initial Population <span style="background: LightGoldenRodYellow">(Details : {http://terminology.hl7.org/CodeSystem/measure-population code 'initial-population' = 'Initial Population)</span></p><p><b>count</b>: 1</p></blockquote></blockquote></div>
        </text>
        <status value="complete"/>
        <type value="individual"/>
        <measure value="http://cdcmeasures.example.org/modules/covid19/20200331/numTotBeds"/>
        <subject>
          <identifier>
            <system value="urn:oid:2.16.840.1.113883.6.277"/>
            <value value="2.16.840.1.113883.6.277.123"/>
          </identifier>
        </subject>
        <date value="2020-04-04T07:00:53.208624Z"/>
        <reporter>
          <identifier>
            <system value="urn:oid:2.16.840.1.113883.6.277"/>
            <value value="2.16.840.1.113883.6.277.123"/>
          </identifier>
        </reporter>
        <period>
          <start value="2020-04-06"/>
          <end value="2020-04-06"/>
        </period>
        <group>
          <code>
            <text value="Hospital Bed/ICU Capacity"/>
          </code>
          <population id="numVent">
            <code>
              <coding>
                <system value="http://terminology.hl7.org/CodeSystem/measure-population"/>
                <code value="initial-population"/>
              </coding>
            </code>
            <count value="20"/>
          </population>
          <population id="numVentUse">
            <code>
              <coding>
                <system value="http://terminology.hl7.org/CodeSystem/measure-population"/>
                <code value="initial-population"/>
              </coding>
            </code>
            <count value="9"/>
          </population>
        </group>
        <group>
          <code>
            <text value="Hospital Ventilator Capacity"/>
          </code>
          <population id="numTotBeds">
            <code>
              <coding>
                <system value="http://terminology.hl7.org/CodeSystem/measure-population"/>
                <code value="initial-population"/>
              </coding>
            </code>
            <count value="125"/>
          </population>
          <population id="numbeds">
            <code>
              <coding>
                <system value="http://terminology.hl7.org/CodeSystem/measure-population"/>
                <code value="initial-population"/>
              </coding>
            </code>
            <count value="100"/>
          </population>
          <population id="numBedsOcc">
            <code>
              <coding>
                <system value="http://terminology.hl7.org/CodeSystem/measure-population"/>
                <code value="initial-population"/>
              </coding>
            </code>
            <count value="84"/>
          </population>
          <population id="numICUBeds">
            <code>
              <coding>
                <system value="http://terminology.hl7.org/CodeSystem/measure-population"/>
                <code value="initial-population"/>
              </coding>
            </code>
            <count value="20"/>
          </population>
          <population id="numICUBedsOcc">
            <code>
              <coding>
                <system value="http://terminology.hl7.org/CodeSystem/measure-population"/>
                <code value="initial-population"/>
              </coding>
            </code>
            <count value="17"/>
          </population>
        </group>
        <group>
          <code>
            <text value="Patient Impact"/>
          </code>
          <population id="numC19HospPats">
            <code>
              <coding>
                <system value="http://terminology.hl7.org/CodeSystem/measure-population"/>
                <code value="initial-population"/>
              </coding>
            </code>
            <count value="27"/>
          </population>
          <population id="numC19MechVentPats">
            <code>
              <coding>
                <system value="http://terminology.hl7.org/CodeSystem/measure-population"/>
                <code value="initial-population"/>
              </coding>
            </code>
            <count value="9"/>
          </population>
          <population id="numC19HOPats">
            <code>
              <coding>
                <system value="http://terminology.hl7.org/CodeSystem/measure-population"/>
                <code value="initial-population"/>
              </coding>
            </code>
            <count value="0"/>
          </population>
          <population id="numC19OverflowPats">
            <code>
              <coding>
                <system value="http://terminology.hl7.org/CodeSystem/measure-population"/>
                <code value="initial-population"/>
              </coding>
            </code>
            <count value="0"/>
          </population>
          <population id="numC19OFMechVentPats">
            <code>
              <coding>
                <system value="http://terminology.hl7.org/CodeSystem/measure-population"/>
                <code value="initial-population"/>
              </coding>
            </code>
            <count value="0"/>
          </population>
          <population id="numC19Died">
            <code>
              <coding>
                <system value="http://terminology.hl7.org/CodeSystem/measure-population"/>
                <code value="initial-population"/>
              </coding>
            </code>
            <count value="1"/>
          </population>
        </group>
      </MeasureReport>
    </resource>
    <request>
      <method value="POST"/>
      <url value="MeasureReport"/>
    </request>
  </entry>
</Bundle>