<?xml version="1.0" encoding="UTF-8"?>

<MeasureReport xmlns="http://hl7.org/fhir">
  <id value="ca620d2a-7639-11ea-be32-a4d18ccf5172"/>
  <text>
    <status value="generated"/><div xmlns="http://www.w3.org/1999/xhtml"><p><b>Generated Narrative with Details</b></p><p><b>id</b>: ca620d2a-7639-11ea-be32-a4d18ccf5172</p><p><b>status</b>: complete</p><p><b>type</b>: individual</p><p><b>measure</b>: <a href="http://cdcmeasures.example.org/modules/covid19/20200331/numTotBeds">http://cdcmeasures.example.org/modules/covid19/20200331/numTotBeds</a></p><p><b>subject</b>: </p><p><b>date</b>: Apr 3, 2020, 11:01:56 PM</p><p><b>reporter</b>: </p><p><b>period</b>: Mar 30, 2020, 12:00:00 AM --&gt; Mar 30, 2020, 12:00:00 AM</p><blockquote><p><b>group</b></p><p><b>code</b>: Hospital Bed/ICU Capacity <span style="background: LightGoldenRodYellow">(Details )</span></p><blockquote><p><b>population</b></p><p><b>id</b>: numVent</p><p><b>code</b>: Initial Population <span style="background: LightGoldenRodYellow">(Details : {http://terminology.hl7.org/CodeSystem/measure-population code 'initial-population' = 'Initial Population)</span></p><p><b>count</b>: 20</p></blockquote><blockquote><p><b>population</b></p><p><b>id</b>: numVentUse</p><p><b>code</b>: Initial Population <span style="background: LightGoldenRodYellow">(Details : {http://terminology.hl7.org/CodeSystem/measure-population code 'initial-population' = 'Initial Population)</span></p><p><b>count</b>: 3</p></blockquote></blockquote><blockquote><p><b>group</b></p><p><b>code</b>: Hospital Ventilator Capacity <span style="background: LightGoldenRodYellow">(Details )</span></p><blockquote><p><b>population</b></p><p><b>id</b>: numTotBeds</p><p><b>code</b>: Initial Population <span style="background: LightGoldenRodYellow">(Details : {http://terminology.hl7.org/CodeSystem/measure-population code 'initial-population' = 'Initial Population)</span></p><p><b>count</b>: 125</p></blockquote><blockquote><p><b>population</b></p><p><b>id</b>: numbeds</p><p><b>code</b>: Initial Population <span style="background: LightGoldenRodYellow">(Details : {http://terminology.hl7.org/CodeSystem/measure-population code 'initial-population' = 'Initial Population)</span></p><p><b>count</b>: 100</p></blockquote><blockquote><p><b>population</b></p><p><b>id</b>: numBedsOcc</p><p><b>code</b>: Initial Population <span style="background: LightGoldenRodYellow">(Details : {http://terminology.hl7.org/CodeSystem/measure-population code 'initial-population' = 'Initial Population)</span></p><p><b>count</b>: 70</p></blockquote><blockquote><p><b>population</b></p><p><b>id</b>: numICUBeds</p><p><b>code</b>: Initial Population <span style="background: LightGoldenRodYellow">(Details : {http://terminology.hl7.org/CodeSystem/measure-population code 'initial-population' = 'Initial Population)</span></p><p><b>count</b>: 20</p></blockquote><blockquote><p><b>population</b></p><p><b>id</b>: numICUBedsOcc</p><p><b>code</b>: Initial Population <span style="background: LightGoldenRodYellow">(Details : {http://terminology.hl7.org/CodeSystem/measure-population code 'initial-population' = 'Initial Population)</span></p><p><b>count</b>: 10</p></blockquote></blockquote><blockquote><p><b>group</b></p><p><b>code</b>: Patient Impact <span style="background: LightGoldenRodYellow">(Details )</span></p><blockquote><p><b>population</b></p><p><b>id</b>: numC19HospPats</p><p><b>code</b>: Initial Population <span style="background: LightGoldenRodYellow">(Details : {http://terminology.hl7.org/CodeSystem/measure-population code 'initial-population' = 'Initial Population)</span></p><p><b>count</b>: 20</p></blockquote><blockquote><p><b>population</b></p><p><b>id</b>: numC19MechVentPats</p><p><b>code</b>: Initial Population <span style="background: LightGoldenRodYellow">(Details : {http://terminology.hl7.org/CodeSystem/measure-population code 'initial-population' = 'Initial Population)</span></p><p><b>count</b>: 3</p></blockquote><blockquote><p><b>population</b></p><p><b>id</b>: numC19HOPats</p><p><b>code</b>: Initial Population <span style="background: LightGoldenRodYellow">(Details : {http://terminology.hl7.org/CodeSystem/measure-population code 'initial-population' = 'Initial Population)</span></p><p><b>count</b>: 0</p></blockquote><blockquote><p><b>population</b></p><p><b>id</b>: numC19OverflowPats</p><p><b>code</b>: Initial Population <span style="background: LightGoldenRodYellow">(Details : {http://terminology.hl7.org/CodeSystem/measure-population code 'initial-population' = 'Initial Population)</span></p><p><b>count</b>: 0</p></blockquote><blockquote><p><b>population</b></p><p><b>id</b>: numC19OFMechVentPats</p><p><b>code</b>: Initial Population <span style="background: LightGoldenRodYellow">(Details : {http://terminology.hl7.org/CodeSystem/measure-population code 'initial-population' = 'Initial Population)</span></p><p><b>count</b>: 0</p></blockquote><blockquote><p><b>population</b></p><p><b>id</b>: numC19Died</p><p><b>code</b>: Initial Population <span style="background: LightGoldenRodYellow">(Details : {http://terminology.hl7.org/CodeSystem/measure-population code 'initial-population' = 'Initial Population)</span></p><p><b>count</b>: 0</p></blockquote></blockquote></div>
  </text>
  <status value="complete"/>
  <type value="individual"/>
  <measure value="http://cdcmeasures.example.org/modules/covid19/20200331/numTotBeds"/>
  <subject>
    <identifier>
      <system value="urn:oid:2.16.840.1.113883.6.277"/>
      <value value="2.16.840.1.113883.6.277.123"/>
    </identifier>
  </subject>
  <date value="2020-04-04T06:01:56.594990Z"/>
  <reporter>
    <identifier>
      <system value="urn:oid:2.16.840.1.113883.6.277"/>
      <value value="2.16.840.1.113883.6.277.123"/>
    </identifier>
  </reporter>
  <period>
    <start value="2020-03-30"/>
    <end value="2020-03-30"/>
  </period>
  <group>
    <code>
      <text value="Hospital Bed/ICU Capacity"/>
    </code>
    <population id="numVent">
      <code>
        <coding>
          <system value="http://terminology.hl7.org/CodeSystem/measure-population"/>
          <code value="initial-population"/>
        </coding>
      </code>
      <count value="20"/>
    </population>
    <population id="numVentUse">
      <code>
        <coding>
          <system value="http://terminology.hl7.org/CodeSystem/measure-population"/>
          <code value="initial-population"/>
        </coding>
      </code>
      <count value="3"/>
    </population>
  </group>
  <group>
    <code>
      <text value="Hospital Ventilator Capacity"/>
    </code>
    <population id="numTotBeds">
      <code>
        <coding>
          <system value="http://terminology.hl7.org/CodeSystem/measure-population"/>
          <code value="initial-population"/>
        </coding>
      </code>
      <count value="125"/>
    </population>
    <population id="numbeds">
      <code>
        <coding>
          <system value="http://terminology.hl7.org/CodeSystem/measure-population"/>
          <code value="initial-population"/>
        </coding>
      </code>
      <count value="100"/>
    </population>
    <population id="numBedsOcc">
      <code>
        <coding>
          <system value="http://terminology.hl7.org/CodeSystem/measure-population"/>
          <code value="initial-population"/>
        </coding>
      </code>
      <count value="70"/>
    </population>
    <population id="numICUBeds">
      <code>
        <coding>
          <system value="http://terminology.hl7.org/CodeSystem/measure-population"/>
          <code value="initial-population"/>
        </coding>
      </code>
      <count value="20"/>
    </population>
    <population id="numICUBedsOcc">
      <code>
        <coding>
          <system value="http://terminology.hl7.org/CodeSystem/measure-population"/>
          <code value="initial-population"/>
        </coding>
      </code>
      <count value="10"/>
    </population>
  </group>
  <group>
    <code>
      <text value="Patient Impact"/>
    </code>
    <population id="numC19HospPats">
      <code>
        <coding>
          <system value="http://terminology.hl7.org/CodeSystem/measure-population"/>
          <code value="initial-population"/>
        </coding>
      </code>
      <count value="20"/>
    </population>
    <population id="numC19MechVentPats">
      <code>
        <coding>
          <system value="http://terminology.hl7.org/CodeSystem/measure-population"/>
          <code value="initial-population"/>
        </coding>
      </code>
      <count value="3"/>
    </population>
    <population id="numC19HOPats">
      <code>
        <coding>
          <system value="http://terminology.hl7.org/CodeSystem/measure-population"/>
          <code value="initial-population"/>
        </coding>
      </code>
      <count value="0"/>
    </population>
    <population id="numC19OverflowPats">
      <code>
        <coding>
          <system value="http://terminology.hl7.org/CodeSystem/measure-population"/>
          <code value="initial-population"/>
        </coding>
      </code>
      <count value="0"/>
    </population>
    <population id="numC19OFMechVentPats">
      <code>
        <coding>
          <system value="http://terminology.hl7.org/CodeSystem/measure-population"/>
          <code value="initial-population"/>
        </coding>
      </code>
      <count value="0"/>
    </population>
    <population id="numC19Died">
      <code>
        <coding>
          <system value="http://terminology.hl7.org/CodeSystem/measure-population"/>
          <code value="initial-population"/>
        </coding>
      </code>
      <count value="0"/>
    </population>
  </group>
</MeasureReport>