<?xml version="1.0" encoding="UTF-8"?>

<MeasureReport xmlns="http://hl7.org/fhir">
  <id value="fema-c19-proportion"/>
  <text>
    <status value="generated"/><div xmlns="http://www.w3.org/1999/xhtml"><p><b>Generated Narrative with Details</b></p><p><b>id</b>: fema-c19-proportion</p><p><b>contained</b>: </p><p><b>status</b>: complete</p><p><b>type</b>: individual</p><p><b>measure</b>: <a href="http://build.fhir.org/ig/AudaciousInquiry/saner-ig/fema-proportion">http://build.fhir.org/ig/AudaciousInquiry/saner-ig/fema-proportion</a></p><p><b>subject</b>: Marin, CA. Generated Summary: unknown resource contained</p><p><b>date</b>: Apr 6, 2020, 1:54:17 PM</p><p><b>reporter</b>: Acme General Hospital</p><p><b>period</b>: Apr 4, 2020, 12:00:00 AM --&gt; Apr 4, 2020, 12:00:00 AM</p><blockquote><p><b>group</b></p><p><b>code</b>: newPercentPositive <span style="background: LightGoldenRodYellow">(Details )</span></p><blockquote><p><b>population</b></p><p><b>id</b>: newTestsResulted.initial-population</p><p><b>code</b>: Initial Population <span style="background: LightGoldenRodYellow">(Details : {http://terminology.hl7.org/CodeSystem/measure-population code 'initial-population' = 'Initial Population)</span></p><p><b>count</b>: 80</p></blockquote><blockquote><p><b>population</b></p><p><b>id</b>: newTestsResulted.denominator</p><p><b>code</b>: Denominator <span style="background: LightGoldenRodYellow">(Details : {http://terminology.hl7.org/CodeSystem/measure-population code 'denominator' = 'Denominator)</span></p><p><b>count</b>: 80</p></blockquote><blockquote><p><b>population</b></p><p><b>id</b>: newPositiveC19Tests.numerator</p><p><b>code</b>: Numerator <span style="background: LightGoldenRodYellow">(Details : {http://terminology.hl7.org/CodeSystem/measure-population code 'numerator' = 'Numerator)</span></p><p><b>count</b>: 8</p></blockquote><p><b>measureScore</b>: 0.1 %<span style="background: LightGoldenRodYellow"> (Details: UCUM code % = '%')</span></p></blockquote><blockquote><p><b>group</b></p><p><b>code</b>: cumulativePercentPositive <span style="background: LightGoldenRodYellow">(Details )</span></p><blockquote><p><b>population</b></p><p><b>id</b>: cumulativeTestsPerformed.initial-population</p><p><b>code</b>: Initial Population <span style="background: LightGoldenRodYellow">(Details : {http://terminology.hl7.org/CodeSystem/measure-population code 'initial-population' = 'Initial Population)</span></p><p><b>count</b>: 800</p></blockquote><blockquote><p><b>population</b></p><p><b>id</b>: cumulativeTestsPerformed.denominator</p><p><b>code</b>: Denominator <span style="background: LightGoldenRodYellow">(Details : {http://terminology.hl7.org/CodeSystem/measure-population code 'denominator' = 'Denominator)</span></p><p><b>count</b>: 800</p></blockquote><blockquote><p><b>population</b></p><p><b>id</b>: cumulativePositiveC19Tests.numerator</p><p><b>code</b>: Numerator <span style="background: LightGoldenRodYellow">(Details : {http://terminology.hl7.org/CodeSystem/measure-population code 'numerator' = 'Numerator)</span></p><p><b>count</b>: 80</p></blockquote><p><b>measureScore</b>: 0.1 %<span style="background: LightGoldenRodYellow"> (Details: UCUM code % = '%')</span></p></blockquote></div>
  </text>
  <contained>
    <Location>
      <id value="loc"/>
      <address>
        <type value="physical"/>
        <text value="Marin, CA"/>
        <district value="Marin"/>
        <state value="CA"/>
      </address>
      <physicalType>
        <coding>
          <system value="http://terminology.hl7.org/CodeSystem/location-physical-type"/>
          <code value="jdn"/>
          <display value="Jurisdiction"/>
        </coding>
        <text value="US County"/>
      </physicalType>
    </Location>
  </contained>
  <status value="complete"/>
  <type value="individual"/>
  <measure value="http://build.fhir.org/ig/AudaciousInquiry/saner-ig/fema-proportion"/>
  <subject>
    <reference value="#loc"/>
    <display value="Marin, CA"/>
  </subject>
  <date value="2020-04-06T20:54:17.258551Z"/>
  <reporter>
    <identifier>
      <system value="urn:oid:2.16.840.1.113883.6.277"/>
      <value value="2.16.840.1.113883.6.277.123"/>
    </identifier>
    <display value="Acme General Hospital"/>
  </reporter>
  <period>
    <start value="2020-04-04"/>
    <end value="2020-04-04"/>
  </period>
  <group>
    <code>
      <text value="newPercentPositive"/>
    </code>
    <population id="newTestsResulted.initial-population">
      <code>
        <coding>
          <system value="http://terminology.hl7.org/CodeSystem/measure-population"/>
          <code value="initial-population"/>
        </coding>
      </code>
      <count value="80"/>
    </population>
    <population id="newTestsResulted.denominator">
      <code>
        <coding>
          <system value="http://terminology.hl7.org/CodeSystem/measure-population"/>
          <code value="denominator"/>
        </coding>
      </code>
      <count value="80"/>
    </population>
    <population id="newPositiveC19Tests.numerator">
      <code>
        <coding>
          <system value="http://terminology.hl7.org/CodeSystem/measure-population"/>
          <code value="numerator"/>
        </coding>
      </code>
      <count value="8"/>
    </population>
    <measureScore>
      <value value="0.1"/>
      <unit value="%"/>
      <system value="http://unitsofmeasure.org"/>
      <code value="%"/>
    </measureScore>
  </group>
  <group>
    <code>
      <text value="cumulativePercentPositive"/>
    </code>
    <population id="cumulativeTestsPerformed.initial-population">
      <code>
        <coding>
          <system value="http://terminology.hl7.org/CodeSystem/measure-population"/>
          <code value="initial-population"/>
        </coding>
      </code>
      <count value="800"/>
    </population>
    <population id="cumulativeTestsPerformed.denominator">
      <code>
        <coding>
          <system value="http://terminology.hl7.org/CodeSystem/measure-population"/>
          <code value="denominator"/>
        </coding>
      </code>
      <count value="800"/>
    </population>
    <population id="cumulativePositiveC19Tests.numerator">
      <code>
        <coding>
          <system value="http://terminology.hl7.org/CodeSystem/measure-population"/>
          <code value="numerator"/>
        </coding>
      </code>
      <count value="80"/>
    </population>
    <measureScore>
      <value value="0.1"/>
      <unit value="%"/>
      <system value="http://unitsofmeasure.org"/>
      <code value="%"/>
    </measureScore>
  </group>
</MeasureReport>