<?xml version="1.0" encoding="UTF-8"?>

<MeasureReport xmlns="http://hl7.org/fhir">
  <id value="c19-groups-measurereport-min"/>
  <text>
    <status value="generated"/><div xmlns="http://www.w3.org/1999/xhtml"><p><b>Generated Narrative</b></p><p><b>id</b>: c19-groups-measurereport-min</p><p><b>contained</b>: </p><p><b>status</b>: complete</p><p><b>type</b>: individual</p><p><b>measure</b>: <a href="http://cdcmeasures.example.org/cdc-covid">http://cdcmeasures.example.org/cdc-covid</a></p><p><b>subject</b>: Marin General Marin, CA 94965. Generated Summary: unknown resource contained</p><p><b>date</b>: Apr 11, 2020, 9:51:06 PM</p><p><b>reporter</b>: Marin General Marin, CA 94965. Generated Summary: unknown resource contained</p><p><b>period</b>: Mar 31, 2020, 12:00:00 AM --&gt; Mar 31, 2020, 12:00:00 AM</p><blockquote><p><b>group</b></p><p><b>code</b>: <span title="Codes: ">numVent</span></p><h3>Populations</h3><table class="grid"><tr><td>-</td><td><b>Code</b></td></tr><tr><td>*</td><td><span title="Codes: {http://terminology.hl7.org/CodeSystem/measure-population initial-population}">Initial Population</span></td></tr></table></blockquote><blockquote><p><b>group</b></p><p><b>code</b>: <span title="Codes: ">numVentUse</span></p><h3>Populations</h3><table class="grid"><tr><td>-</td><td><b>Code</b></td></tr><tr><td>*</td><td><span title="Codes: {http://terminology.hl7.org/CodeSystem/measure-population initial-population}">Initial Population</span></td></tr></table></blockquote><blockquote><p><b>group</b></p><p><b>code</b>: <span title="Codes: ">numTotBeds</span></p><h3>Populations</h3><table class="grid"><tr><td>-</td><td><b>Code</b></td></tr><tr><td>*</td><td><span title="Codes: {http://terminology.hl7.org/CodeSystem/measure-population initial-population}">Initial Population</span></td></tr></table></blockquote><blockquote><p><b>group</b></p><p><b>code</b>: <span title="Codes: ">numbeds</span></p><h3>Populations</h3><table class="grid"><tr><td>-</td><td><b>Code</b></td><td><b>Count</b></td></tr><tr><td>*</td><td><span title="Codes: {http://terminology.hl7.org/CodeSystem/measure-population initial-population}">Initial Population</span></td><td>100</td></tr></table><p><b>measureScore</b>: 100</p></blockquote><blockquote><p><b>group</b></p><p><b>code</b>: <span title="Codes: ">numBedsOcc</span></p><h3>Populations</h3><table class="grid"><tr><td>-</td><td><b>Code</b></td></tr><tr><td>*</td><td><span title="Codes: {http://terminology.hl7.org/CodeSystem/measure-population initial-population}">Initial Population</span></td></tr></table></blockquote><blockquote><p><b>group</b></p><p><b>code</b>: <span title="Codes: ">numICUBeds</span></p><h3>Populations</h3><table class="grid"><tr><td>-</td><td><b>Code</b></td></tr><tr><td>*</td><td><span title="Codes: {http://terminology.hl7.org/CodeSystem/measure-population initial-population}">Initial Population</span></td></tr></table></blockquote><blockquote><p><b>group</b></p><p><b>code</b>: <span title="Codes: ">numICUBedsOcc</span></p><h3>Populations</h3><table class="grid"><tr><td>-</td><td><b>Code</b></td></tr><tr><td>*</td><td><span title="Codes: {http://terminology.hl7.org/CodeSystem/measure-population initial-population}">Initial Population</span></td></tr></table></blockquote><blockquote><p><b>group</b></p><p><b>code</b>: <span title="Codes: ">numC19HospPats</span></p><h3>Populations</h3><table class="grid"><tr><td>-</td><td><b>Code</b></td></tr><tr><td>*</td><td><span title="Codes: {http://terminology.hl7.org/CodeSystem/measure-population initial-population}">Initial Population</span></td></tr></table></blockquote><blockquote><p><b>group</b></p><p><b>code</b>: <span title="Codes: ">numC19MechVentPats</span></p><h3>Populations</h3><table class="grid"><tr><td>-</td><td><b>Code</b></td></tr><tr><td>*</td><td><span title="Codes: {http://terminology.hl7.org/CodeSystem/measure-population initial-population}">Initial Population</span></td></tr></table></blockquote><blockquote><p><b>group</b></p><p><b>code</b>: <span title="Codes: ">numC19HOPats</span></p><h3>Populations</h3><table class="grid"><tr><td>-</td><td><b>Code</b></td></tr><tr><td>*</td><td><span title="Codes: {http://terminology.hl7.org/CodeSystem/measure-population initial-population}">Initial Population</span></td></tr></table></blockquote><blockquote><p><b>group</b></p><p><b>code</b>: <span title="Codes: ">numC19OverflowPats</span></p><h3>Populations</h3><table class="grid"><tr><td>-</td><td><b>Code</b></td></tr><tr><td>*</td><td><span title="Codes: {http://terminology.hl7.org/CodeSystem/measure-population initial-population}">Initial Population</span></td></tr></table></blockquote><blockquote><p><b>group</b></p><p><b>code</b>: <span title="Codes: ">numC19OFMechVentPats</span></p><h3>Populations</h3><table class="grid"><tr><td>-</td><td><b>Code</b></td></tr><tr><td>*</td><td><span title="Codes: {http://terminology.hl7.org/CodeSystem/measure-population initial-population}">Initial Population</span></td></tr></table></blockquote><blockquote><p><b>group</b></p><p><b>code</b>: <span title="Codes: ">numC19Died</span></p><h3>Populations</h3><table class="grid"><tr><td>-</td><td><b>Code</b></td></tr><tr><td>*</td><td><span title="Codes: {http://terminology.hl7.org/CodeSystem/measure-population initial-population}">Initial Population</span></td></tr></table></blockquote><blockquote><p><b>group</b></p><p><b>code</b>: <span title="Codes: ">surgicalMasks</span></p><h3>Populations</h3><table class="grid"><tr><td>-</td><td><b>Code</b></td></tr><tr><td>*</td><td><span title="Codes: {http://terminology.hl7.org/CodeSystem/measure-population initial-population}">Initial Population</span></td></tr></table></blockquote></div>
  </text>
  <contained>
    <Location>
      <id value="loc"/>
      <identifier>
        <system value="urn:oid:2.16.840.1.113883.6.277"/>
        <value value="2.16.840.1.113883.6.277.123"/>
      </identifier>
      <identifier>
        <system value="http://example.org/cms_cert_system"/>
        <value value="1234567"/>
      </identifier>
      <name value="Marin General"/>
      <address>
        <type value="physical"/>
        <text value="Marin, CA 94965"/>
        <district value="Marin"/>
        <state value="CA"/>
        <postalCode value="94965"/>
      </address>
      <physicalType>
        <coding>
          <system value="http://terminology.hl7.org/CodeSystem/location-physical-type"/>
          <code value="jdn"/>
          <display value="Jurisdiction"/>
        </coding>
        <text value="US County"/>
      </physicalType>
    </Location>
  </contained>
  <status value="complete"/>
  <type value="individual"/>
  <measure value="http://cdcmeasures.example.org/cdc-covid"/>
  <subject>
    <reference value="#loc"/>
    <display value="Marin General Marin, CA 94965"/>
  </subject>
  <date value="2020-04-12T04:51:06.556448Z"/>
  <reporter>
    <reference value="#loc"/>
    <display value="Marin General Marin, CA 94965"/>
  </reporter>
  <period>
    <start value="2020-03-31"/>
    <end value="2020-03-31"/>
  </period>
  <group>
    <code>
      <text value="numVent"/>
    </code>
    <population>
      <code>
        <coding>
          <system value="http://terminology.hl7.org/CodeSystem/measure-population"/>
          <code value="initial-population"/>
        </coding>
      </code>
    </population>
  </group>
  <group>
    <code>
      <text value="numVentUse"/>
    </code>
    <population>
      <code>
        <coding>
          <system value="http://terminology.hl7.org/CodeSystem/measure-population"/>
          <code value="initial-population"/>
        </coding>
      </code>
    </population>
  </group>
  <group>
    <code>
      <text value="numTotBeds"/>
    </code>
    <population>
      <code>
        <coding>
          <system value="http://terminology.hl7.org/CodeSystem/measure-population"/>
          <code value="initial-population"/>
        </coding>
      </code>
    </population>
  </group>
  <group>
    <code>
      <text value="numbeds"/>
    </code>
    <population>
      <code>
        <coding>
          <system value="http://terminology.hl7.org/CodeSystem/measure-population"/>
          <code value="initial-population"/>
        </coding>
      </code>
      <count value="100"/>
    </population>
    <measureScore>
      <value value="100"/>
    </measureScore>
  </group>
  <group>
    <code>
      <text value="numBedsOcc"/>
    </code>
    <population>
      <code>
        <coding>
          <system value="http://terminology.hl7.org/CodeSystem/measure-population"/>
          <code value="initial-population"/>
        </coding>
      </code>
    </population>
  </group>
  <group>
    <code>
      <text value="numICUBeds"/>
    </code>
    <population>
      <code>
        <coding>
          <system value="http://terminology.hl7.org/CodeSystem/measure-population"/>
          <code value="initial-population"/>
        </coding>
      </code>
    </population>
  </group>
  <group>
    <code>
      <text value="numICUBedsOcc"/>
    </code>
    <population>
      <code>
        <coding>
          <system value="http://terminology.hl7.org/CodeSystem/measure-population"/>
          <code value="initial-population"/>
        </coding>
      </code>
    </population>
  </group>
  <group>
    <code>
      <text value="numC19HospPats"/>
    </code>
    <population>
      <code>
        <coding>
          <system value="http://terminology.hl7.org/CodeSystem/measure-population"/>
          <code value="initial-population"/>
        </coding>
      </code>
    </population>
  </group>
  <group>
    <code>
      <text value="numC19MechVentPats"/>
    </code>
    <population>
      <code>
        <coding>
          <system value="http://terminology.hl7.org/CodeSystem/measure-population"/>
          <code value="initial-population"/>
        </coding>
      </code>
    </population>
  </group>
  <group>
    <code>
      <text value="numC19HOPats"/>
    </code>
    <population>
      <code>
        <coding>
          <system value="http://terminology.hl7.org/CodeSystem/measure-population"/>
          <code value="initial-population"/>
        </coding>
      </code>
    </population>
  </group>
  <group>
    <code>
      <text value="numC19OverflowPats"/>
    </code>
    <population>
      <code>
        <coding>
          <system value="http://terminology.hl7.org/CodeSystem/measure-population"/>
          <code value="initial-population"/>
        </coding>
      </code>
    </population>
  </group>
  <group>
    <code>
      <text value="numC19OFMechVentPats"/>
    </code>
    <population>
      <code>
        <coding>
          <system value="http://terminology.hl7.org/CodeSystem/measure-population"/>
          <code value="initial-population"/>
        </coding>
      </code>
    </population>
  </group>
  <group>
    <code>
      <text value="numC19Died"/>
    </code>
    <population>
      <code>
        <coding>
          <system value="http://terminology.hl7.org/CodeSystem/measure-population"/>
          <code value="initial-population"/>
        </coding>
      </code>
    </population>
  </group>
  <group>
    <code>
      <text value="surgicalMasks"/>
    </code>
    <population>
      <code>
        <coding>
          <system value="http://terminology.hl7.org/CodeSystem/measure-population"/>
          <code value="initial-population"/>
        </coding>
      </code>
    </population>
  </group>
</MeasureReport>