<?xml version="1.0" encoding="UTF-8"?><Measure xmlns="http://hl7.org/fhir"><id value="fema-proportion"/><url value="http://build.fhir.org/ig/AudaciousInquiry/saner-ig/fema-proportion"/><version value="20200404"/><name value="FemaMeasurementGroupProportions"/><title value="FEMA Measurement Group Proportions"/><status value="draft"/><subjectCodeableConcept><coding><system value="http://hl7.org/fhir/resource-types"/><code value="Location"/><display value="Location"/></coding><text value="Location"/></subjectCodeableConcept><date value="2020-04-06T08:37:17-07:00"/><publisher value="SANER-IG"/><description value="COVID-19 results from in-house laboratories. The federal government requests that these results should be reported to the Federal Emergency Management Agency (FEMA) using a standardized template by 5 p.m. ET each day, and reflect the results through midnight of the previous day. This Measure defines the Proportion (IPP,Denominator,Numerator only) counts for:&#xA;- Percent Positive among Newly Resulted Tests&#xA;  - New Tests Resulted&#xA;  - New Positive COVID-19 Tests&#xA;- Cumulative Percent Positive among Resulted Tests&#xA;  - Cumulative Tests Performed&#xA;  - Cumulative Positive COVID-19 Tests"/><useContext><code><system value="http://terminology.hl7.org/CodeSystem/usage-context-type"/><code value="focus"/></code><valueCodeableConcept><coding><system value="http://snomed.info/sct"/><code value="840539006"/><display value="COVID-19"/></coding></valueCodeableConcept></useContext><jurisdiction><coding><system value="urn:iso:std:iso:3166"/><code value="US"/><display value="United States of America"/></coding></jurisdiction><relatedArtifact><type value="justification"/><display value="Hospital Letter Vice President Pence"/><document><url value="https://www.cms.gov/files/document/32920-hospital-letter-vice-president-pence.pdf"/><creation value="2020-03-29T00:00:00-07:00"/></document></relatedArtifact><relatedArtifact><type value="derived-from"/><display value="FEMA Template for Daily Hospital COVID-19 Reporting"/><document><url value="https://github.com/AudaciousInquiry/saner-ig/blob/master/resources/Template%20for%20Daily%20Hospital%20COVID-19%20Reporting.xlsx"/><creation value="2020-03-29T00:00:00-07:00"/></document></relatedArtifact><scoring><coding><system value="http://terminology.hl7.org/CodeSystem/measure-scoring"/><code value="proportion"/><display value="Proportion"/></coding></scoring><type><coding><system value="http://terminology.hl7.org/CodeSystem/measure-type"/><code value="outcome"/><display value="Outcome"/></coding></type><group><code><coding><system value="http://build.fhir.org/ig/AudaciousInquiry/saner-ig"/><code value="newPercentPositive"/></coding><text value="newPercentPositive"/></code><description value="Percent Positive among Newly Resulted Tests: # of total positive results to released date / # of total test results released to date."/><population id="newTestsResulted.initial-population"><code><coding><system value="http://terminology.hl7.org/CodeSystem/measure-population"/><code value="initial-population"/><display value="Initial Population"/></coding></code><description value="New Tests Resulted"/><criteria><description value="FEMA defined field: newTestsResulted"/><language value="text/plain"/><expression value="Midnight to midnight cutoff, test results released on previous date queried."/></criteria></population><population id="newTestsResulted.denominator"><code><coding><system value="http://terminology.hl7.org/CodeSystem/measure-population"/><code value="denominator"/><display value="Denominator"/></coding></code><description value="New Tests Resulted"/><criteria><description value="FEMA defined field: newTestsResulted"/><language value="text/plain"/><expression value="Midnight to midnight cutoff, test results released on previous date queried."/></criteria></population><population id="newPositiveC19Tests.numerator"><code><coding><system value="http://terminology.hl7.org/CodeSystem/measure-population"/><code value="numerator"/><display value="Numerator"/></coding></code><description value="New Positive COVID-19 Tests"/><criteria><description value="FEMA defined field: newPositiveC19Tests"/><language value="text/plain"/><expression value="Midnight to midnight cutoff, positive test results released on the previous date queried."/></criteria></population></group><group><code><coding><system value="http://build.fhir.org/ig/AudaciousInquiry/saner-ig"/><code value="cumulativePercentPositive"/></coding><text value="cumulativePercentPositive"/></code><description value="Cumulative Percent Positive among Resulted Tests: # of total positive results to released date / # of total tests results released to date"/><population id="cumulativeTestsPerformed.initial-population"><code><coding><system value="http://terminology.hl7.org/CodeSystem/measure-population"/><code value="initial-population"/><display value="Initial Population"/></coding></code><criteria><description value="FEMA defined field: cumulativeTestsPerformed"/><language value="text/plain"/><expression value="All tests with results released to date."/></criteria></population><population id="cumulativeTestsPerformed.denominator"><code><coding><system value="http://terminology.hl7.org/CodeSystem/measure-population"/><code value="denominator"/><display value="Denominator"/></coding></code><criteria><description value="FEMA defined field: cumulativeTestsPerformed"/><language value="text/plain"/><expression value="All tests with results released to date."/></criteria></population><population id="cumulativePositiveC19Tests.numerator"><code><coding><system value="http://terminology.hl7.org/CodeSystem/measure-population"/><code value="numerator"/><display value="Numerator"/></coding></code><criteria><description value="FEMA defined field: cumulativePositiveC19Tests"/><language value="text/plain"/><expression value="All positivetest results released to date."/></criteria></population></group></Measure>