<?xml version="1.0" encoding="UTF-8"?>

<Basic xmlns="http://hl7.org/fhir">
  <id value="diet"/>
  <meta>
    <profile value="http://www.fhir.org/guides/test3/StructureDefinition/template-basic"/>
  </meta>
  <text>
    <status value="generated"/><div xmlns="http://www.w3.org/1999/xhtml"><p><b>Generated Narrative with Details</b></p><p><b>id</b>: diet</p><p><b>meta</b>: </p><p><b>identifier</b>: 746</p><p><b>code</b>: Diet <span style="background: LightGoldenRodYellow">(Details : {http://terminology.hl7.org/CodeSystem/basic-resource-type code 'diet' = 'Diet)</span></p><p><b>subject</b>: <a href="{{[type]}}-{{[id]}}.html">Generated Summary: id: example; Medical Record Number = 1032702 (USUAL); active; Amy V. Shaw ; ph: 555-555-5555(HOME), amy.shaw@example.com; gender: female; birthDate: 2007-02-20</a></p><p><b>created</b>: 2019-05-14</p></div>
  </text>
  <identifier>
    <system value="http://goodhealth.org/basic/identifiers"/>
    <value value="746"/>
  </identifier>
  <code>
    <coding>
      <system value="http://terminology.hl7.org/CodeSystem/basic-resource-type"/>
      <code value="diet"/>
    </coding>
  </code>
  <subject>
    <reference value="Patient/example"/>
  </subject>
  <created value="2019-05-14"/>
</Basic>