<?xml version="1.0" encoding="UTF-8"?>

<CodeSystem xmlns="http://hl7.org/fhir">
  <id value="blah-codes"/>
  <text>
    <status value="generated"/><div xmlns="http://www.w3.org/1999/xhtml"><h2>BlahCodes</h2><div><p>A bunch of example codes</p>
</div><p>This code system http://www.fhir.org/guides/test3/CodeSystem/blah-codes defines the following codes:</p><table class="codes"><tr><td style="white-space:nowrap"><b>Code</b></td><td><b>Display</b></td><td><b>Definition</b></td></tr><tr><td style="white-space:nowrap">blah<a name="blah-codes-blah"> </a></td><td>Blah</td><td>example code 1</td></tr><tr><td style="white-space:nowrap">foo<a name="blah-codes-foo"> </a></td><td>Foo</td><td>example code 2</td></tr><tr><td style="white-space:nowrap">bar<a name="blah-codes-bar"> </a></td><td>Bar</td><td>example code 3</td></tr></table></div>
  </text>
  <url value="http://www.fhir.org/guides/test3/CodeSystem/blah-codes"/>
  <version value="0.0.0"/>
  <name value="BlahCodes"/>
  <status value="draft"/>
  <experimental value="false"/>
  <date value="2018-03-13T08:16:34-07:00"/>
  <publisher value="Health eData Inc"/>
  <contact>
    <telecom>
      <system value="email"/>
      <value value="mailto:ehaas@healthedatainc.com"/>
    </telecom>
  </contact>
  <contact>
    <telecom>
      <system value="url"/>
      <value value="http://foobar.com"/>
    </telecom>
  </contact>
  <description value="A bunch of example codes"/>
  <caseSensitive value="true"/>
  <valueSet value="http://www.fhir.org/guides/test3/ValueSet/blah-codes"/>
  <content value="complete"/>
  <concept>
    <code value="blah"/>
    <display value="Blah"/>
    <definition value="example code 1"/>
  </concept>
  <concept>
    <code value="foo"/>
    <display value="Foo"/>
    <definition value="example code 2"/>
  </concept>
  <concept>
    <code value="bar"/>
    <display value="Bar"/>
    <definition value="example code 3"/>
  </concept>
</CodeSystem>