{
  "resourceType" : "Bundle",
  "id" : "b4cc582f-76a2-4f9a-8b00-b56ff00e5cbb",
  "meta" : {
    "lastUpdated" : "2020-01-14T16:24:11.091-08:00"
  },
  "type" : "collection",
  "entry" : [{
    "fullUrl" : "http://www.fhir.org/guides/test3/ValueSet/bar-codes",
    "resource" : {
      "resourceType" : "ValueSet",
      "id" : "bar-codes",
      "text" : {
        "status" : "generated",
        "div" : "<div xmlns=\"http://www.w3.org/1999/xhtml\"><p>This value set contains 1 concepts</p><p style=\"border: black 1px dotted; background-color: #EEEEEE; padding: 8px\">Expansion based on http://www.fhir.org/guides/test3/CodeSystem/blah-codes version 0.0.0</p><p>All codes from system <a href=\"CodeSystem-blah-codes.html\"><code>http://www.fhir.org/guides/test3/CodeSystem/blah-codes</code></a></p><table class=\"codes\"><tr><td style=\"white-space:nowrap\"><b>Code</b></td><td><b>Display</b></td><td><b>Definition</b></td></tr><tr><td style=\"white-space:nowrap\"><a name=\"http---www.fhir.org-guides-test3-CodeSystem-blah-codes-bar\"> </a><a href=\"CodeSystem-blah-codes.html#blah-codes-bar\">bar</a></td><td>Bar</td><td>example code 3</td></tr></table></div>"
      },
      "url" : "http://www.fhir.org/guides/test3/ValueSet/bar-codes",
      "version" : "0.0.0",
      "name" : "BarCodes",
      "title" : "Bar Value Set",
      "status" : "draft",
      "date" : "2019-03-13T08:16:34-07:00",
      "publisher" : "Health eData Inc",
      "contact" : [{
        "telecom" : [{
          "system" : "email",
          "value" : "mailto:ehaas@healthedatainc.com"
        }]
      },
      {
        "telecom" : [{
          "system" : "url",
          "value" : "http://foobar.com"
        }]
      }],
      "description" : "A bunch of example codes",
      "immutable" : true,
      "copyright" : "markdown link: [American Medical Association](https://www.ama-assn.org/)\n\n  use &#xA; to create a new line for markdown.. markdown new paragraph: All rights reserved. This value set includes content from SNOMED CT, which is copyright © 2002+ International Health Terminology Standards Development Organisation (IHTSDO), and distributed by agreement between IHTSDO and HL7. Implementer use of SNOMED CT is not covered by this agreement\n\n  ## header2\n  ### header3\n  ### header4 \n *emphasis* \n **bold** \n unordered markdown list:\n - list 1\n - list 2\n\n  ordered markdown list:\n 1. list1\n 1. list2",
      "expansion" : {
        "identifier" : "urn:uuid:1513495f-f63c-45f0-bda6-5febb41c2ae1",
        "timestamp" : "2020-01-14T16:24:33-08:00",
        "total" : 1,
        "parameter" : [{
          "name" : "excludeNested",
          "valueBoolean" : false
        },
        {
          "name" : "version",
          "valueUri" : "http://www.fhir.org/guides/test3/CodeSystem/blah-codes|0.0.0"
        }],
        "contains" : [{
          "system" : "http://www.fhir.org/guides/test3/CodeSystem/blah-codes",
          "code" : "bar",
          "display" : "Bar"
        }]
      }
    }
  },
  {
    "fullUrl" : "http://www.fhir.org/guides/test3/ValueSet/foo-codes",
    "resource" : {
      "resourceType" : "ValueSet",
      "id" : "foo-codes",
      "text" : {
        "status" : "generated",
        "div" : "<div xmlns=\"http://www.w3.org/1999/xhtml\"><p>This value set contains 1 concepts</p><p style=\"border: black 1px dotted; background-color: #EEEEEE; padding: 8px\">Expansion based on http://www.fhir.org/guides/test3/CodeSystem/blah-codes version 0.0.0</p><p>All codes from system <a href=\"CodeSystem-blah-codes.html\"><code>http://www.fhir.org/guides/test3/CodeSystem/blah-codes</code></a></p><table class=\"codes\"><tr><td style=\"white-space:nowrap\"><b>Code</b></td><td><b>Display</b></td><td><b>Definition</b></td></tr><tr><td style=\"white-space:nowrap\"><a name=\"http---www.fhir.org-guides-test3-CodeSystem-blah-codes-foo\"> </a><a href=\"CodeSystem-blah-codes.html#blah-codes-foo\">foo</a></td><td>Foo</td><td>example code 2</td></tr></table></div>"
      },
      "url" : "http://www.fhir.org/guides/test3/ValueSet/foo-codes",
      "version" : "0.0.0",
      "name" : "FooCodes",
      "title" : "Foo Value Set",
      "status" : "draft",
      "date" : "2019-03-13T08:16:34-07:00",
      "publisher" : "Health eData Inc",
      "contact" : [{
        "telecom" : [{
          "system" : "email",
          "value" : "mailto:ehaas@healthedatainc.com"
        }]
      },
      {
        "telecom" : [{
          "system" : "url",
          "value" : "http://foobar.com"
        }]
      }],
      "description" : "A bunch of example codes",
      "immutable" : true,
      "copyright" : "markdown link: [American Medical Association](https://www.ama-assn.org/)  markdown new paragraph: All rights reserved. This value set includes content from SNOMED CT, which is copyright © 2002+ International Health Terminology Standards Development Organisation (IHTSDO), and distributed by agreement between IHTSDO and HL7. Implementer use of SNOMED CT is not covered by this agreement  ## header2 ### header3 ### header4  *emphasis*  **bold**  markdown list: - list 1 - list 2  1. list1 1. list2",
      "expansion" : {
        "identifier" : "urn:uuid:cb5102fa-531e-4e6b-a9c5-8e224dd75d5c",
        "timestamp" : "2020-01-14T16:24:33-08:00",
        "total" : 1,
        "parameter" : [{
          "name" : "excludeNested",
          "valueBoolean" : false
        },
        {
          "name" : "version",
          "valueUri" : "http://www.fhir.org/guides/test3/CodeSystem/blah-codes|0.0.0"
        }],
        "contains" : [{
          "system" : "http://www.fhir.org/guides/test3/CodeSystem/blah-codes",
          "code" : "foo",
          "display" : "Foo"
        }]
      }
    }
  },
  {
    "fullUrl" : "http://www.fhir.org/guides/test3/ValueSet/blah-codes",
    "resource" : {
      "resourceType" : "ValueSet",
      "id" : "blah-codes",
      "text" : {
        "status" : "generated",
        "div" : "<div xmlns=\"http://www.w3.org/1999/xhtml\"><p>This value set contains 3 concepts</p><p style=\"border: black 1px dotted; background-color: #EEEEEE; padding: 8px\">Expansion based on http://www.fhir.org/guides/test3/CodeSystem/blah-codes version 0.0.0</p><p>All codes from system <a href=\"CodeSystem-blah-codes.html\"><code>http://www.fhir.org/guides/test3/CodeSystem/blah-codes</code></a></p><table class=\"codes\"><tr><td style=\"white-space:nowrap\"><b>Code</b></td><td><b>Display</b></td><td><b>Definition</b></td></tr><tr><td style=\"white-space:nowrap\"><a name=\"http---www.fhir.org-guides-test3-CodeSystem-blah-codes-blah\"> </a><a href=\"CodeSystem-blah-codes.html#blah-codes-blah\">blah</a></td><td>Blah</td><td>example code 1</td></tr><tr><td style=\"white-space:nowrap\"><a name=\"http---www.fhir.org-guides-test3-CodeSystem-blah-codes-foo\"> </a><a href=\"CodeSystem-blah-codes.html#blah-codes-foo\">foo</a></td><td>Foo</td><td>example code 2</td></tr><tr><td style=\"white-space:nowrap\"><a name=\"http---www.fhir.org-guides-test3-CodeSystem-blah-codes-bar\"> </a><a href=\"CodeSystem-blah-codes.html#blah-codes-bar\">bar</a></td><td>Bar</td><td>example code 3</td></tr></table></div>"
      },
      "url" : "http://www.fhir.org/guides/test3/ValueSet/blah-codes",
      "version" : "0.0.0",
      "name" : "BlahCodes",
      "status" : "draft",
      "date" : "2018-03-13T08:16:34-07:00",
      "publisher" : "Health eData Inc",
      "contact" : [{
        "telecom" : [{
          "system" : "email",
          "value" : "mailto:ehaas@healthedatainc.com"
        }]
      },
      {
        "telecom" : [{
          "system" : "url",
          "value" : "http://foobar.com"
        }]
      }],
      "description" : "A bunch of example codes",
      "immutable" : true,
      "copyright" : "markdown link: [American Medical Association](https://www.ama-assn.org/)  markdown new paragraph: All rights reserved. This value set includes content from SNOMED CT, which is copyright © 2002+ International Health Terminology Standards Development Organisation (IHTSDO), and distributed by agreement between IHTSDO and HL7. Implementer use of SNOMED CT is not covered by this agreement  ## header2 ### header3 ### header4  *emphasis*  **bold**  markdown list: - list 1 - list 2  1. list1 1. list2",
      "expansion" : {
        "identifier" : "urn:uuid:c4645f2c-7762-4838-82c3-fd31a90f718b",
        "timestamp" : "2020-01-14T16:24:33-08:00",
        "total" : 3,
        "parameter" : [{
          "name" : "excludeNested",
          "valueBoolean" : false
        },
        {
          "name" : "version",
          "valueUri" : "http://www.fhir.org/guides/test3/CodeSystem/blah-codes|0.0.0"
        }],
        "contains" : [{
          "system" : "http://www.fhir.org/guides/test3/CodeSystem/blah-codes",
          "code" : "blah",
          "display" : "Blah"
        },
        {
          "system" : "http://www.fhir.org/guides/test3/CodeSystem/blah-codes",
          "code" : "foo",
          "display" : "Foo"
        },
        {
          "system" : "http://www.fhir.org/guides/test3/CodeSystem/blah-codes",
          "code" : "bar",
          "display" : "Bar"
        }]
      }
    }
  }]
}