{
  "resourceType": "Measure",
  "id": "fema-cohort",
  "text": {
    "status": "generated",
    "div": "<div xmlns=\"http://www.w3.org/1999/xhtml\"><p><b>Generated Narrative with Details</b></p><p><b>id</b>: fema-cohort</p><p><b>url</b>: <a href=\"http://build.fhir.org/ig/AudaciousInquiry/saner-ig/fema-cohort\">http://build.fhir.org/ig/AudaciousInquiry/saner-ig/fema-cohort</a></p><p><b>version</b>: 20200404</p><p><b>name</b>: FemaMeasurementGroupCohorts</p><p><b>title</b>: FEMA Measurement Group Cohorts</p><p><b>status</b>: draft</p><p><b>subject</b>: Location <span style=\"background: LightGoldenRodYellow\">(Details : {http://hl7.org/fhir/resource-types code 'Location' = 'Location', given as 'Location'})</span></p><p><b>date</b>: Apr 6, 2020, 8:37:37 AM</p><p><b>publisher</b>: SANER-IG</p><p><b>description</b>: COVID-19 results from in-house laboratories. The federal government requests that these results should be reported to the Federal Emergency Management Agency (FEMA) using a standardized template by 5 p.m. ET each day, and reflect the results through midnight of the previous day. This Measure defines the Cohort (IPP only) counts for: - New Diagnostic Tests Ordered/Received - Cumulative Diagnostic Tests Ordered/Reciever - Cumulative Specimens Rejected.</p><p><b>useContext</b>: </p><p><b>jurisdiction</b>: United States of America <span style=\"background: LightGoldenRodYellow\">(Details : {urn:iso:std:iso:3166 code 'US' = 'United States of America', given as 'United States of America'})</span></p><p><b>relatedArtifact</b>: , </p><p><b>scoring</b>: Cohort <span style=\"background: LightGoldenRodYellow\">(Details : {http://terminology.hl7.org/CodeSystem/measure-scoring code 'cohort' = 'Cohort', given as 'Cohort'})</span></p><p><b>type</b>: Structure <span style=\"background: LightGoldenRodYellow\">(Details : {http://terminology.hl7.org/CodeSystem/measure-type code 'structure' = 'Structure', given as 'Structure'})</span></p><blockquote><p><b>group</b></p><p><b>code</b>: newDiagnosticTests <span style=\"background: LightGoldenRodYellow\">(Details : {http://build.fhir.org/ig/AudaciousInquiry/saner-ig code 'newDiagnosticTests' = 'newDiagnosticTests)</span></p><h3>Populations</h3><table class=\"grid\"><tr><td>-</td><td><b>Code</b></td><td><b>Description</b></td><td><b>Criteria</b></td></tr><tr><td>*</td><td>Initial Population <span style=\"background: LightGoldenRodYellow\">(Details : {http://terminology.hl7.org/CodeSystem/measure-population code 'initial-population' = 'Initial Population', given as 'Initial Population'})</span></td><td>New Diagnostic Tests Ordered/Received</td><td/></tr></table></blockquote><blockquote><p><b>group</b></p><p><b>code</b>: cumulativeDiagnosticTests <span style=\"background: LightGoldenRodYellow\">(Details : {http://build.fhir.org/ig/AudaciousInquiry/saner-ig code 'cumulativeDiagnosticTests' = 'cumulativeDiagnosticTests)</span></p><h3>Populations</h3><table class=\"grid\"><tr><td>-</td><td><b>Code</b></td><td><b>Description</b></td><td><b>Criteria</b></td></tr><tr><td>*</td><td>Initial Population <span style=\"background: LightGoldenRodYellow\">(Details : {http://terminology.hl7.org/CodeSystem/measure-population code 'initial-population' = 'Initial Population', given as 'Initial Population'})</span></td><td>Cumulative Diagnostic Tests Ordered/Recieved</td><td/></tr></table></blockquote><blockquote><p><b>group</b></p><p><b>code</b>: cumulativeSpecimensRejected <span style=\"background: LightGoldenRodYellow\">(Details : {http://build.fhir.org/ig/AudaciousInquiry/saner-ig code 'cumulativeSpecimensRejected' = 'cumulativeSpecimensRejected)</span></p><p><b>description</b>: Cumulative Specimens Rejected*</p><h3>Populations</h3><table class=\"grid\"><tr><td>-</td><td><b>Code</b></td><td><b>Criteria</b></td></tr><tr><td>*</td><td>Initial Population <span style=\"background: LightGoldenRodYellow\">(Details : {http://terminology.hl7.org/CodeSystem/measure-population code 'initial-population' = 'Initial Population', given as 'Initial Population'})</span></td><td/></tr></table></blockquote></div>"
  },
  "url": "http://build.fhir.org/ig/AudaciousInquiry/saner-ig/fema-cohort",
  "version": "20200404",
  "name": "FemaMeasurementGroupCohorts",
  "title": "FEMA Measurement Group Cohorts",
  "status": "draft",
  "subjectCodeableConcept": {
    "coding": [
      {
        "system": "http://hl7.org/fhir/resource-types",
        "code": "Location",
        "display": "Location"
      }
    ],
    "text": "Location"
  },
  "date": "2020-04-06T08:37:37-07:00",
  "publisher": "SANER-IG",
  "description": "COVID-19 results from in-house laboratories. The federal government requests that these results should be reported to the Federal Emergency Management Agency (FEMA) using a standardized template by 5 p.m. ET each day, and reflect the results through midnight of the previous day. This Measure defines the Cohort (IPP only) counts for: - New Diagnostic Tests Ordered/Received - Cumulative Diagnostic Tests Ordered/Reciever - Cumulative Specimens Rejected.",
  "useContext": [
    {
      "code": {
        "system": "http://terminology.hl7.org/CodeSystem/usage-context-type",
        "code": "focus"
      },
      "valueCodeableConcept": {
        "coding": [
          {
            "system": "http://snomed.info/sct",
            "code": "840539006",
            "display": "COVID-19"
          }
        ]
      }
    }
  ],
  "jurisdiction": [
    {
      "coding": [
        {
          "system": "urn:iso:std:iso:3166",
          "code": "US",
          "display": "United States of America"
        }
      ]
    }
  ],
  "relatedArtifact": [
    {
      "type": "justification",
      "display": "Hospital Letter Vice President Pence",
      "document": {
        "url": "https://www.cms.gov/files/document/32920-hospital-letter-vice-president-pence.pdf",
        "creation": "2020-03-29"
      }
    },
    {
      "type": "derived-from",
      "display": "FEMA Template for Daily Hospital COVID-19 Reporting",
      "document": {
        "url": "https://github.com/AudaciousInquiry/saner-ig/blob/master/resources/Template%20for%20Daily%20Hospital%20COVID-19%20Reporting.xlsx",
        "creation": "2020-03-29"
      }
    }
  ],
  "scoring": {
    "coding": [
      {
        "system": "http://terminology.hl7.org/CodeSystem/measure-scoring",
        "code": "cohort",
        "display": "Cohort"
      }
    ]
  },
  "type": [
    {
      "coding": [
        {
          "system": "http://terminology.hl7.org/CodeSystem/measure-type",
          "code": "structure",
          "display": "Structure"
        }
      ]
    }
  ],
  "group": [
    {
      "code": {
        "coding": [
          {
            "system": "http://build.fhir.org/ig/AudaciousInquiry/saner-ig",
            "code": "newDiagnosticTests"
          }
        ],
        "text": "newDiagnosticTests"
      },
      "population": [
        {
          "code": {
            "coding": [
              {
                "system": "http://terminology.hl7.org/CodeSystem/measure-population",
                "code": "initial-population",
                "display": "Initial Population"
              }
            ]
          },
          "description": "New Diagnostic Tests Ordered/Received",
          "criteria": {
            "description": "FEMA defined field: newDiagnosticTests",
            "language": "text/plain",
            "expression": "Midnight to midnight cutoff, tests ordered on previous date queried."
          }
        }
      ]
    },
    {
      "code": {
        "coding": [
          {
            "system": "http://build.fhir.org/ig/AudaciousInquiry/saner-ig",
            "code": "cumulativeDiagnosticTests"
          }
        ],
        "text": "cumulativeDiagnosticTests"
      },
      "population": [
        {
          "code": {
            "coding": [
              {
                "system": "http://terminology.hl7.org/CodeSystem/measure-population",
                "code": "initial-population",
                "display": "Initial Population"
              }
            ]
          },
          "description": "Cumulative Diagnostic Tests Ordered/Recieved",
          "criteria": {
            "description": "FEMA defined field: cumulativeDiagnosticTests",
            "language": "text/plain",
            "expression": "All tests ordered to date."
          }
        }
      ]
    },
    {
      "code": {
        "coding": [
          {
            "system": "http://build.fhir.org/ig/AudaciousInquiry/saner-ig",
            "code": "cumulativeSpecimensRejected"
          }
        ],
        "text": "cumulativeSpecimensRejected"
      },
      "description": "Cumulative Specimens Rejected*",
      "population": [
        {
          "code": {
            "coding": [
              {
                "system": "http://terminology.hl7.org/CodeSystem/measure-population",
                "code": "initial-population",
                "display": "Initial Population"
              }
            ]
          },
          "criteria": {
            "description": "FEMA defined field: cumulativeSpecimensRejected",
            "language": "text/plain",
            "expression": "All specimens rejected for testing to date."
          }
        }
      ]
    }
  ]
}