<?xml version="1.0" encoding="UTF-8"?>

<Patient xmlns="http://hl7.org/fhir">
  <id value="example2"/>
  <text>
    <status value="generated"/><div xmlns="http://www.w3.org/1999/xhtml"><p><b>Generated Narrative with Details</b></p><p><b>id</b>: example2</p><p><b>identifier</b>: Medical record number = 12345 (USUAL)</p><p><b>active</b>: true</p><p><b>name</b>: Peter James Chalmers (OFFICIAL), Jim , Peter James Windsor (MAIDEN)</p><p><b>telecom</b>: -unknown-(HOME), ph: (03) 5555 6473(WORK), ph: (03) 3410 5613(MOBILE), ph: (03) 5555 8834(OLD)</p><p><b>gender</b>: male</p><p><b>birthDate</b>: 1974-12-25</p><p><b>deceased</b>: false</p><p><b>address</b>: 534 Erewhon St PeasantVille, Rainbow, Vic  3999(HOME)</p><h3>Contacts</h3><table class="grid"><tr><td>-</td><td><b>Relationship</b></td><td><b>Name</b></td><td><b>Telecom</b></td><td><b>Address</b></td><td><b>Gender</b></td><td><b>Period</b></td></tr><tr><td>*</td><td>Next-of-Kin <span style="background: LightGoldenRodYellow">(Details : {http://terminology.hl7.org/CodeSystem/v2-0131 code 'N' = 'Next-of-Kin)</span></td><td>BÃ©nÃ©dicte du MarchÃ© </td><td>ph: +33 (237) 998327</td><td>534 Erewhon St PleasantVille Vic 3999 (HOME)</td><td>female</td><td>Jan 1, 2012, 12:00:00 AM --&gt; (ongoing)</td></tr></table><p><b>managingOrganization</b>: <a href="Organization/1">Organization/1</a></p></div>
  </text>
<!--     MRN assigned by ACME healthcare on 6-May 2001     -->
  <identifier>
    <use value="usual"/>
    <type>
      <coding>
        <system value="http://terminology.hl7.org/CodeSystem/v2-0203"/>
        <code value="MR"/>
      </coding>
    </type>
    <system value="urn:oid:1.2.36.146.595.217.0.1"/>
    <value value="12345"/>
    <period>
      <start value="2001-05-06"/>
    </period>
    <assigner>
      <display value="Acme Healthcare"/>
    </assigner>
  </identifier>
  <active value="true"/>
<!--     Peter James Chalmers, but called "Jim"     -->
  <name>
    <use value="official"/>
    <family value="Chalmers"/>
    <given value="Peter"/>
    <given value="James"/>
  </name>
  <name>
    <use value="usual"/>
    <given value="Jim"/>
  </name>
  <name>
  <!--    Maiden names apply for anyone whose name changes as a result of marriage - irrespective
     of gender    -->
    <use value="maiden"/>
    <family value="Windsor"/>
    <given value="Peter"/>
    <given value="James"/>
    <period>
      <end value="2002"/>
    </period>
  </name>
<!--     home communication details aren't known     -->
  <telecom>
    <use value="home"/>
  </telecom>
  <telecom>
    <system value="phone"/>
    <value value="(03) 5555 6473"/>
    <use value="work"/>
    <rank value="1"/>
  </telecom>
  <telecom>
    <system value="phone"/>
    <value value="(03) 3410 5613"/>
    <use value="mobile"/>
    <rank value="2"/>
  </telecom>
  <telecom>
    <system value="phone"/>
    <value value="(03) 5555 8834"/>
    <use value="old"/>
    <period>
      <end value="2014"/>
    </period>
  </telecom>
<!--     use FHIR code system for male / female     -->
  <gender value="male"/>
  <birthDate value="1974-12-25">
    <extension url="http://hl7.org/fhir/StructureDefinition/patient-birthTime">
      <valueDateTime value="1974-12-25T14:35:45-05:00"/>
    </extension>
  </birthDate>
  <deceasedBoolean value="false"/>
  <address>
    <use value="home"/>
    <type value="both"/>
    <text value="534 Erewhon St PeasantVille, Rainbow, Vic  3999"/>
    <line value="534 Erewhon St"/>
    <city value="PleasantVille"/>
    <district value="Rainbow"/>
    <state value="Vic"/>
    <postalCode value="3999"/>
    <period>
      <start value="1974-12-25"/>
    </period>
  </address>
  <contact>
    <relationship>
      <coding>
        <system value="http://terminology.hl7.org/CodeSystem/v2-0131"/>
        <code value="N"/>
      </coding>
    </relationship>
    <name>
      <family value="du March&#xC3;&#xA9;">
      <!--     the "du" part is a family name prefix (VV in iso 21090)     -->
        <extension url="http://hl7.org/fhir/StructureDefinition/humanname-own-prefix">
          <valueString value="VV"/>
        </extension>
      </family>
      <given value="B&#xC3;&#xA9;n&#xC3;&#xA9;dicte"/>
    </name>
    <telecom>
      <system value="phone"/>
      <value value="+33 (237) 998327"/>
    </telecom>
    <address>
      <use value="home"/>
      <type value="both"/>
      <line value="534 Erewhon St"/>
      <city value="PleasantVille"/>
      <district value="Rainbow"/>
      <state value="Vic"/>
      <postalCode value="3999"/>
      <period>
        <start value="1974-12-25"/>
      </period>
    </address>
    <gender value="female"/>
    <period>
    <!--     The contact relationship started in 2012     -->
      <start value="2012"/>
    </period>
  </contact>
  <managingOrganization>
    <reference value="Organization/1"/>
  </managingOrganization>
</Patient>