{
  "resourceType": "Bundle",
  "id": "cdc-c19-groups-20200404070053493066",
  "type": "transaction",
  "timestamp": "2020-04-04T07:00:53.208624Z",
  "entry": [
    {
      "fullUrl": "urn:uuid:065d7ece-7642-11ea-be32-a4d18ccf5172",
      "resource": {
        "resourceType": "MeasureReport",
        "id": "065d7ece-7642-11ea-be32-a4d18ccf5172",
        "text": {
          "status": "generated",
          "div": "<div xmlns=\"http://www.w3.org/1999/xhtml\"><p><b>Generated Narrative with Details</b></p><p><b>id</b>: 065d7ece-7642-11ea-be32-a4d18ccf5172</p><p><b>status</b>: complete</p><p><b>type</b>: individual</p><p><b>measure</b>: <a href=\"http://cdcmeasures.example.org/modules/covid19/20200331/numTotBeds\">http://cdcmeasures.example.org/modules/covid19/20200331/numTotBeds</a></p><p><b>subject</b>: </p><p><b>date</b>: Apr 4, 2020, 12:00:53 AM</p><p><b>reporter</b>: </p><p><b>period</b>: Mar 30, 2020, 12:00:00 AM --&gt; Mar 30, 2020, 12:00:00 AM</p><blockquote><p><b>group</b></p><p><b>code</b>: Hospital Bed/ICU Capacity <span style=\"background: LightGoldenRodYellow\">(Details )</span></p><blockquote><p><b>population</b></p><p><b>id</b>: numVent</p><p><b>code</b>: Initial Population <span style=\"background: LightGoldenRodYellow\">(Details : {http://terminology.hl7.org/CodeSystem/measure-population code 'initial-population' = 'Initial Population)</span></p><p><b>count</b>: 20</p></blockquote><blockquote><p><b>population</b></p><p><b>id</b>: numVentUse</p><p><b>code</b>: Initial Population <span style=\"background: LightGoldenRodYellow\">(Details : {http://terminology.hl7.org/CodeSystem/measure-population code 'initial-population' = 'Initial Population)</span></p><p><b>count</b>: 3</p></blockquote></blockquote><blockquote><p><b>group</b></p><p><b>code</b>: Hospital Ventilator Capacity <span style=\"background: LightGoldenRodYellow\">(Details )</span></p><blockquote><p><b>population</b></p><p><b>id</b>: numTotBeds</p><p><b>code</b>: Initial Population <span style=\"background: LightGoldenRodYellow\">(Details : {http://terminology.hl7.org/CodeSystem/measure-population code 'initial-population' = 'Initial Population)</span></p><p><b>count</b>: 125</p></blockquote><blockquote><p><b>population</b></p><p><b>id</b>: numbeds</p><p><b>code</b>: Initial Population <span style=\"background: LightGoldenRodYellow\">(Details : {http://terminology.hl7.org/CodeSystem/measure-population code 'initial-population' = 'Initial Population)</span></p><p><b>count</b>: 100</p></blockquote><blockquote><p><b>population</b></p><p><b>id</b>: numBedsOcc</p><p><b>code</b>: Initial Population <span style=\"background: LightGoldenRodYellow\">(Details : {http://terminology.hl7.org/CodeSystem/measure-population code 'initial-population' = 'Initial Population)</span></p><p><b>count</b>: 70</p></blockquote><blockquote><p><b>population</b></p><p><b>id</b>: numICUBeds</p><p><b>code</b>: Initial Population <span style=\"background: LightGoldenRodYellow\">(Details : {http://terminology.hl7.org/CodeSystem/measure-population code 'initial-population' = 'Initial Population)</span></p><p><b>count</b>: 20</p></blockquote><blockquote><p><b>population</b></p><p><b>id</b>: numICUBedsOcc</p><p><b>code</b>: Initial Population <span style=\"background: LightGoldenRodYellow\">(Details : {http://terminology.hl7.org/CodeSystem/measure-population code 'initial-population' = 'Initial Population)</span></p><p><b>count</b>: 10</p></blockquote></blockquote><blockquote><p><b>group</b></p><p><b>code</b>: Patient Impact <span style=\"background: LightGoldenRodYellow\">(Details )</span></p><blockquote><p><b>population</b></p><p><b>id</b>: numC19HospPats</p><p><b>code</b>: Initial Population <span style=\"background: LightGoldenRodYellow\">(Details : {http://terminology.hl7.org/CodeSystem/measure-population code 'initial-population' = 'Initial Population)</span></p><p><b>count</b>: 20</p></blockquote><blockquote><p><b>population</b></p><p><b>id</b>: numC19MechVentPats</p><p><b>code</b>: Initial Population <span style=\"background: LightGoldenRodYellow\">(Details : {http://terminology.hl7.org/CodeSystem/measure-population code 'initial-population' = 'Initial Population)</span></p><p><b>count</b>: 3</p></blockquote><blockquote><p><b>population</b></p><p><b>id</b>: numC19HOPats</p><p><b>code</b>: Initial Population <span style=\"background: LightGoldenRodYellow\">(Details : {http://terminology.hl7.org/CodeSystem/measure-population code 'initial-population' = 'Initial Population)</span></p><p><b>count</b>: 0</p></blockquote><blockquote><p><b>population</b></p><p><b>id</b>: numC19OverflowPats</p><p><b>code</b>: Initial Population <span style=\"background: LightGoldenRodYellow\">(Details : {http://terminology.hl7.org/CodeSystem/measure-population code 'initial-population' = 'Initial Population)</span></p><p><b>count</b>: 0</p></blockquote><blockquote><p><b>population</b></p><p><b>id</b>: numC19OFMechVentPats</p><p><b>code</b>: Initial Population <span style=\"background: LightGoldenRodYellow\">(Details : {http://terminology.hl7.org/CodeSystem/measure-population code 'initial-population' = 'Initial Population)</span></p><p><b>count</b>: 0</p></blockquote><blockquote><p><b>population</b></p><p><b>id</b>: numC19Died</p><p><b>code</b>: Initial Population <span style=\"background: LightGoldenRodYellow\">(Details : {http://terminology.hl7.org/CodeSystem/measure-population code 'initial-population' = 'Initial Population)</span></p><p><b>count</b>: 0</p></blockquote></blockquote></div>"
        },
        "status": "complete",
        "type": "individual",
        "measure": "http://cdcmeasures.example.org/modules/covid19/20200331/numTotBeds",
        "subject": {
          "identifier": {
            "system": "urn:oid:2.16.840.1.113883.6.277",
            "value": "2.16.840.1.113883.6.277.123"
          }
        },
        "date": "2020-04-04T07:00:53.208624Z",
        "reporter": {
          "identifier": {
            "system": "urn:oid:2.16.840.1.113883.6.277",
            "value": "2.16.840.1.113883.6.277.123"
          }
        },
        "period": {
          "start": "2020-03-30",
          "end": "2020-03-30"
        },
        "group": [
          {
            "code": {
              "text": "Hospital Bed/ICU Capacity"
            },
            "population": [
              {
                "id": "numVent",
                "code": {
                  "coding": [
                    {
                      "system": "http://terminology.hl7.org/CodeSystem/measure-population",
                      "code": "initial-population"
                    }
                  ]
                },
                "count": 20
              },
              {
                "id": "numVentUse",
                "code": {
                  "coding": [
                    {
                      "system": "http://terminology.hl7.org/CodeSystem/measure-population",
                      "code": "initial-population"
                    }
                  ]
                },
                "count": 3
              }
            ]
          },
          {
            "code": {
              "text": "Hospital Ventilator Capacity"
            },
            "population": [
              {
                "id": "numTotBeds",
                "code": {
                  "coding": [
                    {
                      "system": "http://terminology.hl7.org/CodeSystem/measure-population",
                      "code": "initial-population"
                    }
                  ]
                },
                "count": 125
              },
              {
                "id": "numbeds",
                "code": {
                  "coding": [
                    {
                      "system": "http://terminology.hl7.org/CodeSystem/measure-population",
                      "code": "initial-population"
                    }
                  ]
                },
                "count": 100
              },
              {
                "id": "numBedsOcc",
                "code": {
                  "coding": [
                    {
                      "system": "http://terminology.hl7.org/CodeSystem/measure-population",
                      "code": "initial-population"
                    }
                  ]
                },
                "count": 70
              },
              {
                "id": "numICUBeds",
                "code": {
                  "coding": [
                    {
                      "system": "http://terminology.hl7.org/CodeSystem/measure-population",
                      "code": "initial-population"
                    }
                  ]
                },
                "count": 20
              },
              {
                "id": "numICUBedsOcc",
                "code": {
                  "coding": [
                    {
                      "system": "http://terminology.hl7.org/CodeSystem/measure-population",
                      "code": "initial-population"
                    }
                  ]
                },
                "count": 10
              }
            ]
          },
          {
            "code": {
              "text": "Patient Impact"
            },
            "population": [
              {
                "id": "numC19HospPats",
                "code": {
                  "coding": [
                    {
                      "system": "http://terminology.hl7.org/CodeSystem/measure-population",
                      "code": "initial-population"
                    }
                  ]
                },
                "count": 20
              },
              {
                "id": "numC19MechVentPats",
                "code": {
                  "coding": [
                    {
                      "system": "http://terminology.hl7.org/CodeSystem/measure-population",
                      "code": "initial-population"
                    }
                  ]
                },
                "count": 3
              },
              {
                "id": "numC19HOPats",
                "code": {
                  "coding": [
                    {
                      "system": "http://terminology.hl7.org/CodeSystem/measure-population",
                      "code": "initial-population"
                    }
                  ]
                },
                "count": 0
              },
              {
                "id": "numC19OverflowPats",
                "code": {
                  "coding": [
                    {
                      "system": "http://terminology.hl7.org/CodeSystem/measure-population",
                      "code": "initial-population"
                    }
                  ]
                },
                "count": 0
              },
              {
                "id": "numC19OFMechVentPats",
                "code": {
                  "coding": [
                    {
                      "system": "http://terminology.hl7.org/CodeSystem/measure-population",
                      "code": "initial-population"
                    }
                  ]
                },
                "count": 0
              },
              {
                "id": "numC19Died",
                "code": {
                  "coding": [
                    {
                      "system": "http://terminology.hl7.org/CodeSystem/measure-population",
                      "code": "initial-population"
                    }
                  ]
                },
                "count": 0
              }
            ]
          }
        ]
      },
      "request": {
        "method": "POST",
        "url": "MeasureReport"
      }
    },
    {
      "fullUrl": "urn:uuid:06870a64-7642-11ea-be32-a4d18ccf5172",
      "resource": {
        "resourceType": "MeasureReport",
        "id": "06870a64-7642-11ea-be32-a4d18ccf5172",
        "text": {
          "status": "generated",
          "div": "<div xmlns=\"http://www.w3.org/1999/xhtml\"><p><b>Generated Narrative with Details</b></p><p><b>id</b>: 06870a64-7642-11ea-be32-a4d18ccf5172</p><p><b>status</b>: complete</p><p><b>type</b>: individual</p><p><b>measure</b>: <a href=\"http://cdcmeasures.example.org/modules/covid19/20200331/numTotBeds\">http://cdcmeasures.example.org/modules/covid19/20200331/numTotBeds</a></p><p><b>subject</b>: </p><p><b>date</b>: Apr 4, 2020, 12:00:53 AM</p><p><b>reporter</b>: </p><p><b>period</b>: Mar 31, 2020, 12:00:00 AM --&gt; Mar 31, 2020, 12:00:00 AM</p><blockquote><p><b>group</b></p><p><b>code</b>: Hospital Bed/ICU Capacity <span style=\"background: LightGoldenRodYellow\">(Details )</span></p><blockquote><p><b>population</b></p><p><b>id</b>: numVent</p><p><b>code</b>: Initial Population <span style=\"background: LightGoldenRodYellow\">(Details : {http://terminology.hl7.org/CodeSystem/measure-population code 'initial-population' = 'Initial Population)</span></p><p><b>count</b>: 20</p></blockquote><blockquote><p><b>population</b></p><p><b>id</b>: numVentUse</p><p><b>code</b>: Initial Population <span style=\"background: LightGoldenRodYellow\">(Details : {http://terminology.hl7.org/CodeSystem/measure-population code 'initial-population' = 'Initial Population)</span></p><p><b>count</b>: 3</p></blockquote></blockquote><blockquote><p><b>group</b></p><p><b>code</b>: Hospital Ventilator Capacity <span style=\"background: LightGoldenRodYellow\">(Details )</span></p><blockquote><p><b>population</b></p><p><b>id</b>: numTotBeds</p><p><b>code</b>: Initial Population <span style=\"background: LightGoldenRodYellow\">(Details : {http://terminology.hl7.org/CodeSystem/measure-population code 'initial-population' = 'Initial Population)</span></p><p><b>count</b>: 125</p></blockquote><blockquote><p><b>population</b></p><p><b>id</b>: numbeds</p><p><b>code</b>: Initial Population <span style=\"background: LightGoldenRodYellow\">(Details : {http://terminology.hl7.org/CodeSystem/measure-population code 'initial-population' = 'Initial Population)</span></p><p><b>count</b>: 100</p></blockquote><blockquote><p><b>population</b></p><p><b>id</b>: numBedsOcc</p><p><b>code</b>: Initial Population <span style=\"background: LightGoldenRodYellow\">(Details : {http://terminology.hl7.org/CodeSystem/measure-population code 'initial-population' = 'Initial Population)</span></p><p><b>count</b>: 72</p></blockquote><blockquote><p><b>population</b></p><p><b>id</b>: numICUBeds</p><p><b>code</b>: Initial Population <span style=\"background: LightGoldenRodYellow\">(Details : {http://terminology.hl7.org/CodeSystem/measure-population code 'initial-population' = 'Initial Population)</span></p><p><b>count</b>: 20</p></blockquote><blockquote><p><b>population</b></p><p><b>id</b>: numICUBedsOcc</p><p><b>code</b>: Initial Population <span style=\"background: LightGoldenRodYellow\">(Details : {http://terminology.hl7.org/CodeSystem/measure-population code 'initial-population' = 'Initial Population)</span></p><p><b>count</b>: 11</p></blockquote></blockquote><blockquote><p><b>group</b></p><p><b>code</b>: Patient Impact <span style=\"background: LightGoldenRodYellow\">(Details )</span></p><blockquote><p><b>population</b></p><p><b>id</b>: numC19HospPats</p><p><b>code</b>: Initial Population <span style=\"background: LightGoldenRodYellow\">(Details : {http://terminology.hl7.org/CodeSystem/measure-population code 'initial-population' = 'Initial Population)</span></p><p><b>count</b>: 21</p></blockquote><blockquote><p><b>population</b></p><p><b>id</b>: numC19MechVentPats</p><p><b>code</b>: Initial Population <span style=\"background: LightGoldenRodYellow\">(Details : {http://terminology.hl7.org/CodeSystem/measure-population code 'initial-population' = 'Initial Population)</span></p><p><b>count</b>: 3</p></blockquote><blockquote><p><b>population</b></p><p><b>id</b>: numC19HOPats</p><p><b>code</b>: Initial Population <span style=\"background: LightGoldenRodYellow\">(Details : {http://terminology.hl7.org/CodeSystem/measure-population code 'initial-population' = 'Initial Population)</span></p><p><b>count</b>: 0</p></blockquote><blockquote><p><b>population</b></p><p><b>id</b>: numC19OverflowPats</p><p><b>code</b>: Initial Population <span style=\"background: LightGoldenRodYellow\">(Details : {http://terminology.hl7.org/CodeSystem/measure-population code 'initial-population' = 'Initial Population)</span></p><p><b>count</b>: 0</p></blockquote><blockquote><p><b>population</b></p><p><b>id</b>: numC19OFMechVentPats</p><p><b>code</b>: Initial Population <span style=\"background: LightGoldenRodYellow\">(Details : {http://terminology.hl7.org/CodeSystem/measure-population code 'initial-population' = 'Initial Population)</span></p><p><b>count</b>: 0</p></blockquote><blockquote><p><b>population</b></p><p><b>id</b>: numC19Died</p><p><b>code</b>: Initial Population <span style=\"background: LightGoldenRodYellow\">(Details : {http://terminology.hl7.org/CodeSystem/measure-population code 'initial-population' = 'Initial Population)</span></p><p><b>count</b>: 0</p></blockquote></blockquote></div>"
        },
        "status": "complete",
        "type": "individual",
        "measure": "http://cdcmeasures.example.org/modules/covid19/20200331/numTotBeds",
        "subject": {
          "identifier": {
            "system": "urn:oid:2.16.840.1.113883.6.277",
            "value": "2.16.840.1.113883.6.277.123"
          }
        },
        "date": "2020-04-04T07:00:53.208624Z",
        "reporter": {
          "identifier": {
            "system": "urn:oid:2.16.840.1.113883.6.277",
            "value": "2.16.840.1.113883.6.277.123"
          }
        },
        "period": {
          "start": "2020-03-31",
          "end": "2020-03-31"
        },
        "group": [
          {
            "code": {
              "text": "Hospital Bed/ICU Capacity"
            },
            "population": [
              {
                "id": "numVent",
                "code": {
                  "coding": [
                    {
                      "system": "http://terminology.hl7.org/CodeSystem/measure-population",
                      "code": "initial-population"
                    }
                  ]
                },
                "count": 20
              },
              {
                "id": "numVentUse",
                "code": {
                  "coding": [
                    {
                      "system": "http://terminology.hl7.org/CodeSystem/measure-population",
                      "code": "initial-population"
                    }
                  ]
                },
                "count": 3
              }
            ]
          },
          {
            "code": {
              "text": "Hospital Ventilator Capacity"
            },
            "population": [
              {
                "id": "numTotBeds",
                "code": {
                  "coding": [
                    {
                      "system": "http://terminology.hl7.org/CodeSystem/measure-population",
                      "code": "initial-population"
                    }
                  ]
                },
                "count": 125
              },
              {
                "id": "numbeds",
                "code": {
                  "coding": [
                    {
                      "system": "http://terminology.hl7.org/CodeSystem/measure-population",
                      "code": "initial-population"
                    }
                  ]
                },
                "count": 100
              },
              {
                "id": "numBedsOcc",
                "code": {
                  "coding": [
                    {
                      "system": "http://terminology.hl7.org/CodeSystem/measure-population",
                      "code": "initial-population"
                    }
                  ]
                },
                "count": 72
              },
              {
                "id": "numICUBeds",
                "code": {
                  "coding": [
                    {
                      "system": "http://terminology.hl7.org/CodeSystem/measure-population",
                      "code": "initial-population"
                    }
                  ]
                },
                "count": 20
              },
              {
                "id": "numICUBedsOcc",
                "code": {
                  "coding": [
                    {
                      "system": "http://terminology.hl7.org/CodeSystem/measure-population",
                      "code": "initial-population"
                    }
                  ]
                },
                "count": 11
              }
            ]
          },
          {
            "code": {
              "text": "Patient Impact"
            },
            "population": [
              {
                "id": "numC19HospPats",
                "code": {
                  "coding": [
                    {
                      "system": "http://terminology.hl7.org/CodeSystem/measure-population",
                      "code": "initial-population"
                    }
                  ]
                },
                "count": 21
              },
              {
                "id": "numC19MechVentPats",
                "code": {
                  "coding": [
                    {
                      "system": "http://terminology.hl7.org/CodeSystem/measure-population",
                      "code": "initial-population"
                    }
                  ]
                },
                "count": 3
              },
              {
                "id": "numC19HOPats",
                "code": {
                  "coding": [
                    {
                      "system": "http://terminology.hl7.org/CodeSystem/measure-population",
                      "code": "initial-population"
                    }
                  ]
                },
                "count": 0
              },
              {
                "id": "numC19OverflowPats",
                "code": {
                  "coding": [
                    {
                      "system": "http://terminology.hl7.org/CodeSystem/measure-population",
                      "code": "initial-population"
                    }
                  ]
                },
                "count": 0
              },
              {
                "id": "numC19OFMechVentPats",
                "code": {
                  "coding": [
                    {
                      "system": "http://terminology.hl7.org/CodeSystem/measure-population",
                      "code": "initial-population"
                    }
                  ]
                },
                "count": 0
              },
              {
                "id": "numC19Died",
                "code": {
                  "coding": [
                    {
                      "system": "http://terminology.hl7.org/CodeSystem/measure-population",
                      "code": "initial-population"
                    }
                  ]
                },
                "count": 0
              }
            ]
          }
        ]
      },
      "request": {
        "method": "POST",
        "url": "MeasureReport"
      }
    },
    {
      "fullUrl": "urn:uuid:06b0840c-7642-11ea-be32-a4d18ccf5172",
      "resource": {
        "resourceType": "MeasureReport",
        "id": "06b0840c-7642-11ea-be32-a4d18ccf5172",
        "text": {
          "status": "generated",
          "div": "<div xmlns=\"http://www.w3.org/1999/xhtml\"><p><b>Generated Narrative with Details</b></p><p><b>id</b>: 06b0840c-7642-11ea-be32-a4d18ccf5172</p><p><b>status</b>: complete</p><p><b>type</b>: individual</p><p><b>measure</b>: <a href=\"http://cdcmeasures.example.org/modules/covid19/20200331/numTotBeds\">http://cdcmeasures.example.org/modules/covid19/20200331/numTotBeds</a></p><p><b>subject</b>: </p><p><b>date</b>: Apr 4, 2020, 12:00:53 AM</p><p><b>reporter</b>: </p><p><b>period</b>: Apr 1, 2020, 12:00:00 AM --&gt; Apr 1, 2020, 12:00:00 AM</p><blockquote><p><b>group</b></p><p><b>code</b>: Hospital Bed/ICU Capacity <span style=\"background: LightGoldenRodYellow\">(Details )</span></p><blockquote><p><b>population</b></p><p><b>id</b>: numVent</p><p><b>code</b>: Initial Population <span style=\"background: LightGoldenRodYellow\">(Details : {http://terminology.hl7.org/CodeSystem/measure-population code 'initial-population' = 'Initial Population)</span></p><p><b>count</b>: 20</p></blockquote><blockquote><p><b>population</b></p><p><b>id</b>: numVentUse</p><p><b>code</b>: Initial Population <span style=\"background: LightGoldenRodYellow\">(Details : {http://terminology.hl7.org/CodeSystem/measure-population code 'initial-population' = 'Initial Population)</span></p><p><b>count</b>: 5</p></blockquote></blockquote><blockquote><p><b>group</b></p><p><b>code</b>: Hospital Ventilator Capacity <span style=\"background: LightGoldenRodYellow\">(Details )</span></p><blockquote><p><b>population</b></p><p><b>id</b>: numTotBeds</p><p><b>code</b>: Initial Population <span style=\"background: LightGoldenRodYellow\">(Details : {http://terminology.hl7.org/CodeSystem/measure-population code 'initial-population' = 'Initial Population)</span></p><p><b>count</b>: 125</p></blockquote><blockquote><p><b>population</b></p><p><b>id</b>: numbeds</p><p><b>code</b>: Initial Population <span style=\"background: LightGoldenRodYellow\">(Details : {http://terminology.hl7.org/CodeSystem/measure-population code 'initial-population' = 'Initial Population)</span></p><p><b>count</b>: 100</p></blockquote><blockquote><p><b>population</b></p><p><b>id</b>: numBedsOcc</p><p><b>code</b>: Initial Population <span style=\"background: LightGoldenRodYellow\">(Details : {http://terminology.hl7.org/CodeSystem/measure-population code 'initial-population' = 'Initial Population)</span></p><p><b>count</b>: 74</p></blockquote><blockquote><p><b>population</b></p><p><b>id</b>: numICUBeds</p><p><b>code</b>: Initial Population <span style=\"background: LightGoldenRodYellow\">(Details : {http://terminology.hl7.org/CodeSystem/measure-population code 'initial-population' = 'Initial Population)</span></p><p><b>count</b>: 20</p></blockquote><blockquote><p><b>population</b></p><p><b>id</b>: numICUBedsOcc</p><p><b>code</b>: Initial Population <span style=\"background: LightGoldenRodYellow\">(Details : {http://terminology.hl7.org/CodeSystem/measure-population code 'initial-population' = 'Initial Population)</span></p><p><b>count</b>: 12</p></blockquote></blockquote><blockquote><p><b>group</b></p><p><b>code</b>: Patient Impact <span style=\"background: LightGoldenRodYellow\">(Details )</span></p><blockquote><p><b>population</b></p><p><b>id</b>: numC19HospPats</p><p><b>code</b>: Initial Population <span style=\"background: LightGoldenRodYellow\">(Details : {http://terminology.hl7.org/CodeSystem/measure-population code 'initial-population' = 'Initial Population)</span></p><p><b>count</b>: 22</p></blockquote><blockquote><p><b>population</b></p><p><b>id</b>: numC19MechVentPats</p><p><b>code</b>: Initial Population <span style=\"background: LightGoldenRodYellow\">(Details : {http://terminology.hl7.org/CodeSystem/measure-population code 'initial-population' = 'Initial Population)</span></p><p><b>count</b>: 5</p></blockquote><blockquote><p><b>population</b></p><p><b>id</b>: numC19HOPats</p><p><b>code</b>: Initial Population <span style=\"background: LightGoldenRodYellow\">(Details : {http://terminology.hl7.org/CodeSystem/measure-population code 'initial-population' = 'Initial Population)</span></p><p><b>count</b>: 0</p></blockquote><blockquote><p><b>population</b></p><p><b>id</b>: numC19OverflowPats</p><p><b>code</b>: Initial Population <span style=\"background: LightGoldenRodYellow\">(Details : {http://terminology.hl7.org/CodeSystem/measure-population code 'initial-population' = 'Initial Population)</span></p><p><b>count</b>: 0</p></blockquote><blockquote><p><b>population</b></p><p><b>id</b>: numC19OFMechVentPats</p><p><b>code</b>: Initial Population <span style=\"background: LightGoldenRodYellow\">(Details : {http://terminology.hl7.org/CodeSystem/measure-population code 'initial-population' = 'Initial Population)</span></p><p><b>count</b>: 0</p></blockquote><blockquote><p><b>population</b></p><p><b>id</b>: numC19Died</p><p><b>code</b>: Initial Population <span style=\"background: LightGoldenRodYellow\">(Details : {http://terminology.hl7.org/CodeSystem/measure-population code 'initial-population' = 'Initial Population)</span></p><p><b>count</b>: 0</p></blockquote></blockquote></div>"
        },
        "status": "complete",
        "type": "individual",
        "measure": "http://cdcmeasures.example.org/modules/covid19/20200331/numTotBeds",
        "subject": {
          "identifier": {
            "system": "urn:oid:2.16.840.1.113883.6.277",
            "value": "2.16.840.1.113883.6.277.123"
          }
        },
        "date": "2020-04-04T07:00:53.208624Z",
        "reporter": {
          "identifier": {
            "system": "urn:oid:2.16.840.1.113883.6.277",
            "value": "2.16.840.1.113883.6.277.123"
          }
        },
        "period": {
          "start": "2020-04-01",
          "end": "2020-04-01"
        },
        "group": [
          {
            "code": {
              "text": "Hospital Bed/ICU Capacity"
            },
            "population": [
              {
                "id": "numVent",
                "code": {
                  "coding": [
                    {
                      "system": "http://terminology.hl7.org/CodeSystem/measure-population",
                      "code": "initial-population"
                    }
                  ]
                },
                "count": 20
              },
              {
                "id": "numVentUse",
                "code": {
                  "coding": [
                    {
                      "system": "http://terminology.hl7.org/CodeSystem/measure-population",
                      "code": "initial-population"
                    }
                  ]
                },
                "count": 5
              }
            ]
          },
          {
            "code": {
              "text": "Hospital Ventilator Capacity"
            },
            "population": [
              {
                "id": "numTotBeds",
                "code": {
                  "coding": [
                    {
                      "system": "http://terminology.hl7.org/CodeSystem/measure-population",
                      "code": "initial-population"
                    }
                  ]
                },
                "count": 125
              },
              {
                "id": "numbeds",
                "code": {
                  "coding": [
                    {
                      "system": "http://terminology.hl7.org/CodeSystem/measure-population",
                      "code": "initial-population"
                    }
                  ]
                },
                "count": 100
              },
              {
                "id": "numBedsOcc",
                "code": {
                  "coding": [
                    {
                      "system": "http://terminology.hl7.org/CodeSystem/measure-population",
                      "code": "initial-population"
                    }
                  ]
                },
                "count": 74
              },
              {
                "id": "numICUBeds",
                "code": {
                  "coding": [
                    {
                      "system": "http://terminology.hl7.org/CodeSystem/measure-population",
                      "code": "initial-population"
                    }
                  ]
                },
                "count": 20
              },
              {
                "id": "numICUBedsOcc",
                "code": {
                  "coding": [
                    {
                      "system": "http://terminology.hl7.org/CodeSystem/measure-population",
                      "code": "initial-population"
                    }
                  ]
                },
                "count": 12
              }
            ]
          },
          {
            "code": {
              "text": "Patient Impact"
            },
            "population": [
              {
                "id": "numC19HospPats",
                "code": {
                  "coding": [
                    {
                      "system": "http://terminology.hl7.org/CodeSystem/measure-population",
                      "code": "initial-population"
                    }
                  ]
                },
                "count": 22
              },
              {
                "id": "numC19MechVentPats",
                "code": {
                  "coding": [
                    {
                      "system": "http://terminology.hl7.org/CodeSystem/measure-population",
                      "code": "initial-population"
                    }
                  ]
                },
                "count": 5
              },
              {
                "id": "numC19HOPats",
                "code": {
                  "coding": [
                    {
                      "system": "http://terminology.hl7.org/CodeSystem/measure-population",
                      "code": "initial-population"
                    }
                  ]
                },
                "count": 0
              },
              {
                "id": "numC19OverflowPats",
                "code": {
                  "coding": [
                    {
                      "system": "http://terminology.hl7.org/CodeSystem/measure-population",
                      "code": "initial-population"
                    }
                  ]
                },
                "count": 0
              },
              {
                "id": "numC19OFMechVentPats",
                "code": {
                  "coding": [
                    {
                      "system": "http://terminology.hl7.org/CodeSystem/measure-population",
                      "code": "initial-population"
                    }
                  ]
                },
                "count": 0
              },
              {
                "id": "numC19Died",
                "code": {
                  "coding": [
                    {
                      "system": "http://terminology.hl7.org/CodeSystem/measure-population",
                      "code": "initial-population"
                    }
                  ]
                },
                "count": 0
              }
            ]
          }
        ]
      },
      "request": {
        "method": "POST",
        "url": "MeasureReport"
      }
    },
    {
      "fullUrl": "urn:uuid:06dc071c-7642-11ea-be32-a4d18ccf5172",
      "resource": {
        "resourceType": "MeasureReport",
        "id": "06dc071c-7642-11ea-be32-a4d18ccf5172",
        "text": {
          "status": "generated",
          "div": "<div xmlns=\"http://www.w3.org/1999/xhtml\"><p><b>Generated Narrative with Details</b></p><p><b>id</b>: 06dc071c-7642-11ea-be32-a4d18ccf5172</p><p><b>status</b>: complete</p><p><b>type</b>: individual</p><p><b>measure</b>: <a href=\"http://cdcmeasures.example.org/modules/covid19/20200331/numTotBeds\">http://cdcmeasures.example.org/modules/covid19/20200331/numTotBeds</a></p><p><b>subject</b>: </p><p><b>date</b>: Apr 4, 2020, 12:00:53 AM</p><p><b>reporter</b>: </p><p><b>period</b>: Apr 2, 2020, 12:00:00 AM --&gt; Apr 2, 2020, 12:00:00 AM</p><blockquote><p><b>group</b></p><p><b>code</b>: Hospital Bed/ICU Capacity <span style=\"background: LightGoldenRodYellow\">(Details )</span></p><blockquote><p><b>population</b></p><p><b>id</b>: numVent</p><p><b>code</b>: Initial Population <span style=\"background: LightGoldenRodYellow\">(Details : {http://terminology.hl7.org/CodeSystem/measure-population code 'initial-population' = 'Initial Population)</span></p><p><b>count</b>: 20</p></blockquote><blockquote><p><b>population</b></p><p><b>id</b>: numVentUse</p><p><b>code</b>: Initial Population <span style=\"background: LightGoldenRodYellow\">(Details : {http://terminology.hl7.org/CodeSystem/measure-population code 'initial-population' = 'Initial Population)</span></p><p><b>count</b>: 5</p></blockquote></blockquote><blockquote><p><b>group</b></p><p><b>code</b>: Hospital Ventilator Capacity <span style=\"background: LightGoldenRodYellow\">(Details )</span></p><blockquote><p><b>population</b></p><p><b>id</b>: numTotBeds</p><p><b>code</b>: Initial Population <span style=\"background: LightGoldenRodYellow\">(Details : {http://terminology.hl7.org/CodeSystem/measure-population code 'initial-population' = 'Initial Population)</span></p><p><b>count</b>: 125</p></blockquote><blockquote><p><b>population</b></p><p><b>id</b>: numbeds</p><p><b>code</b>: Initial Population <span style=\"background: LightGoldenRodYellow\">(Details : {http://terminology.hl7.org/CodeSystem/measure-population code 'initial-population' = 'Initial Population)</span></p><p><b>count</b>: 100</p></blockquote><blockquote><p><b>population</b></p><p><b>id</b>: numBedsOcc</p><p><b>code</b>: Initial Population <span style=\"background: LightGoldenRodYellow\">(Details : {http://terminology.hl7.org/CodeSystem/measure-population code 'initial-population' = 'Initial Population)</span></p><p><b>count</b>: 76</p></blockquote><blockquote><p><b>population</b></p><p><b>id</b>: numICUBeds</p><p><b>code</b>: Initial Population <span style=\"background: LightGoldenRodYellow\">(Details : {http://terminology.hl7.org/CodeSystem/measure-population code 'initial-population' = 'Initial Population)</span></p><p><b>count</b>: 20</p></blockquote><blockquote><p><b>population</b></p><p><b>id</b>: numICUBedsOcc</p><p><b>code</b>: Initial Population <span style=\"background: LightGoldenRodYellow\">(Details : {http://terminology.hl7.org/CodeSystem/measure-population code 'initial-population' = 'Initial Population)</span></p><p><b>count</b>: 13</p></blockquote></blockquote><blockquote><p><b>group</b></p><p><b>code</b>: Patient Impact <span style=\"background: LightGoldenRodYellow\">(Details )</span></p><blockquote><p><b>population</b></p><p><b>id</b>: numC19HospPats</p><p><b>code</b>: Initial Population <span style=\"background: LightGoldenRodYellow\">(Details : {http://terminology.hl7.org/CodeSystem/measure-population code 'initial-population' = 'Initial Population)</span></p><p><b>count</b>: 23</p></blockquote><blockquote><p><b>population</b></p><p><b>id</b>: numC19MechVentPats</p><p><b>code</b>: Initial Population <span style=\"background: LightGoldenRodYellow\">(Details : {http://terminology.hl7.org/CodeSystem/measure-population code 'initial-population' = 'Initial Population)</span></p><p><b>count</b>: 5</p></blockquote><blockquote><p><b>population</b></p><p><b>id</b>: numC19HOPats</p><p><b>code</b>: Initial Population <span style=\"background: LightGoldenRodYellow\">(Details : {http://terminology.hl7.org/CodeSystem/measure-population code 'initial-population' = 'Initial Population)</span></p><p><b>count</b>: 0</p></blockquote><blockquote><p><b>population</b></p><p><b>id</b>: numC19OverflowPats</p><p><b>code</b>: Initial Population <span style=\"background: LightGoldenRodYellow\">(Details : {http://terminology.hl7.org/CodeSystem/measure-population code 'initial-population' = 'Initial Population)</span></p><p><b>count</b>: 0</p></blockquote><blockquote><p><b>population</b></p><p><b>id</b>: numC19OFMechVentPats</p><p><b>code</b>: Initial Population <span style=\"background: LightGoldenRodYellow\">(Details : {http://terminology.hl7.org/CodeSystem/measure-population code 'initial-population' = 'Initial Population)</span></p><p><b>count</b>: 0</p></blockquote><blockquote><p><b>population</b></p><p><b>id</b>: numC19Died</p><p><b>code</b>: Initial Population <span style=\"background: LightGoldenRodYellow\">(Details : {http://terminology.hl7.org/CodeSystem/measure-population code 'initial-population' = 'Initial Population)</span></p><p><b>count</b>: 0</p></blockquote></blockquote></div>"
        },
        "status": "complete",
        "type": "individual",
        "measure": "http://cdcmeasures.example.org/modules/covid19/20200331/numTotBeds",
        "subject": {
          "identifier": {
            "system": "urn:oid:2.16.840.1.113883.6.277",
            "value": "2.16.840.1.113883.6.277.123"
          }
        },
        "date": "2020-04-04T07:00:53.208624Z",
        "reporter": {
          "identifier": {
            "system": "urn:oid:2.16.840.1.113883.6.277",
            "value": "2.16.840.1.113883.6.277.123"
          }
        },
        "period": {
          "start": "2020-04-02",
          "end": "2020-04-02"
        },
        "group": [
          {
            "code": {
              "text": "Hospital Bed/ICU Capacity"
            },
            "population": [
              {
                "id": "numVent",
                "code": {
                  "coding": [
                    {
                      "system": "http://terminology.hl7.org/CodeSystem/measure-population",
                      "code": "initial-population"
                    }
                  ]
                },
                "count": 20
              },
              {
                "id": "numVentUse",
                "code": {
                  "coding": [
                    {
                      "system": "http://terminology.hl7.org/CodeSystem/measure-population",
                      "code": "initial-population"
                    }
                  ]
                },
                "count": 5
              }
            ]
          },
          {
            "code": {
              "text": "Hospital Ventilator Capacity"
            },
            "population": [
              {
                "id": "numTotBeds",
                "code": {
                  "coding": [
                    {
                      "system": "http://terminology.hl7.org/CodeSystem/measure-population",
                      "code": "initial-population"
                    }
                  ]
                },
                "count": 125
              },
              {
                "id": "numbeds",
                "code": {
                  "coding": [
                    {
                      "system": "http://terminology.hl7.org/CodeSystem/measure-population",
                      "code": "initial-population"
                    }
                  ]
                },
                "count": 100
              },
              {
                "id": "numBedsOcc",
                "code": {
                  "coding": [
                    {
                      "system": "http://terminology.hl7.org/CodeSystem/measure-population",
                      "code": "initial-population"
                    }
                  ]
                },
                "count": 76
              },
              {
                "id": "numICUBeds",
                "code": {
                  "coding": [
                    {
                      "system": "http://terminology.hl7.org/CodeSystem/measure-population",
                      "code": "initial-population"
                    }
                  ]
                },
                "count": 20
              },
              {
                "id": "numICUBedsOcc",
                "code": {
                  "coding": [
                    {
                      "system": "http://terminology.hl7.org/CodeSystem/measure-population",
                      "code": "initial-population"
                    }
                  ]
                },
                "count": 13
              }
            ]
          },
          {
            "code": {
              "text": "Patient Impact"
            },
            "population": [
              {
                "id": "numC19HospPats",
                "code": {
                  "coding": [
                    {
                      "system": "http://terminology.hl7.org/CodeSystem/measure-population",
                      "code": "initial-population"
                    }
                  ]
                },
                "count": 23
              },
              {
                "id": "numC19MechVentPats",
                "code": {
                  "coding": [
                    {
                      "system": "http://terminology.hl7.org/CodeSystem/measure-population",
                      "code": "initial-population"
                    }
                  ]
                },
                "count": 5
              },
              {
                "id": "numC19HOPats",
                "code": {
                  "coding": [
                    {
                      "system": "http://terminology.hl7.org/CodeSystem/measure-population",
                      "code": "initial-population"
                    }
                  ]
                },
                "count": 0
              },
              {
                "id": "numC19OverflowPats",
                "code": {
                  "coding": [
                    {
                      "system": "http://terminology.hl7.org/CodeSystem/measure-population",
                      "code": "initial-population"
                    }
                  ]
                },
                "count": 0
              },
              {
                "id": "numC19OFMechVentPats",
                "code": {
                  "coding": [
                    {
                      "system": "http://terminology.hl7.org/CodeSystem/measure-population",
                      "code": "initial-population"
                    }
                  ]
                },
                "count": 0
              },
              {
                "id": "numC19Died",
                "code": {
                  "coding": [
                    {
                      "system": "http://terminology.hl7.org/CodeSystem/measure-population",
                      "code": "initial-population"
                    }
                  ]
                },
                "count": 0
              }
            ]
          }
        ]
      },
      "request": {
        "method": "POST",
        "url": "MeasureReport"
      }
    },
    {
      "fullUrl": "urn:uuid:07061d9a-7642-11ea-be32-a4d18ccf5172",
      "resource": {
        "resourceType": "MeasureReport",
        "id": "07061d9a-7642-11ea-be32-a4d18ccf5172",
        "text": {
          "status": "generated",
          "div": "<div xmlns=\"http://www.w3.org/1999/xhtml\"><p><b>Generated Narrative with Details</b></p><p><b>id</b>: 07061d9a-7642-11ea-be32-a4d18ccf5172</p><p><b>status</b>: complete</p><p><b>type</b>: individual</p><p><b>measure</b>: <a href=\"http://cdcmeasures.example.org/modules/covid19/20200331/numTotBeds\">http://cdcmeasures.example.org/modules/covid19/20200331/numTotBeds</a></p><p><b>subject</b>: </p><p><b>date</b>: Apr 4, 2020, 12:00:53 AM</p><p><b>reporter</b>: </p><p><b>period</b>: Apr 3, 2020, 12:00:00 AM --&gt; Apr 3, 2020, 12:00:00 AM</p><blockquote><p><b>group</b></p><p><b>code</b>: Hospital Bed/ICU Capacity <span style=\"background: LightGoldenRodYellow\">(Details )</span></p><blockquote><p><b>population</b></p><p><b>id</b>: numVent</p><p><b>code</b>: Initial Population <span style=\"background: LightGoldenRodYellow\">(Details : {http://terminology.hl7.org/CodeSystem/measure-population code 'initial-population' = 'Initial Population)</span></p><p><b>count</b>: 20</p></blockquote><blockquote><p><b>population</b></p><p><b>id</b>: numVentUse</p><p><b>code</b>: Initial Population <span style=\"background: LightGoldenRodYellow\">(Details : {http://terminology.hl7.org/CodeSystem/measure-population code 'initial-population' = 'Initial Population)</span></p><p><b>count</b>: 7</p></blockquote></blockquote><blockquote><p><b>group</b></p><p><b>code</b>: Hospital Ventilator Capacity <span style=\"background: LightGoldenRodYellow\">(Details )</span></p><blockquote><p><b>population</b></p><p><b>id</b>: numTotBeds</p><p><b>code</b>: Initial Population <span style=\"background: LightGoldenRodYellow\">(Details : {http://terminology.hl7.org/CodeSystem/measure-population code 'initial-population' = 'Initial Population)</span></p><p><b>count</b>: 125</p></blockquote><blockquote><p><b>population</b></p><p><b>id</b>: numbeds</p><p><b>code</b>: Initial Population <span style=\"background: LightGoldenRodYellow\">(Details : {http://terminology.hl7.org/CodeSystem/measure-population code 'initial-population' = 'Initial Population)</span></p><p><b>count</b>: 100</p></blockquote><blockquote><p><b>population</b></p><p><b>id</b>: numBedsOcc</p><p><b>code</b>: Initial Population <span style=\"background: LightGoldenRodYellow\">(Details : {http://terminology.hl7.org/CodeSystem/measure-population code 'initial-population' = 'Initial Population)</span></p><p><b>count</b>: 78</p></blockquote><blockquote><p><b>population</b></p><p><b>id</b>: numICUBeds</p><p><b>code</b>: Initial Population <span style=\"background: LightGoldenRodYellow\">(Details : {http://terminology.hl7.org/CodeSystem/measure-population code 'initial-population' = 'Initial Population)</span></p><p><b>count</b>: 20</p></blockquote><blockquote><p><b>population</b></p><p><b>id</b>: numICUBedsOcc</p><p><b>code</b>: Initial Population <span style=\"background: LightGoldenRodYellow\">(Details : {http://terminology.hl7.org/CodeSystem/measure-population code 'initial-population' = 'Initial Population)</span></p><p><b>count</b>: 14</p></blockquote></blockquote><blockquote><p><b>group</b></p><p><b>code</b>: Patient Impact <span style=\"background: LightGoldenRodYellow\">(Details )</span></p><blockquote><p><b>population</b></p><p><b>id</b>: numC19HospPats</p><p><b>code</b>: Initial Population <span style=\"background: LightGoldenRodYellow\">(Details : {http://terminology.hl7.org/CodeSystem/measure-population code 'initial-population' = 'Initial Population)</span></p><p><b>count</b>: 24</p></blockquote><blockquote><p><b>population</b></p><p><b>id</b>: numC19MechVentPats</p><p><b>code</b>: Initial Population <span style=\"background: LightGoldenRodYellow\">(Details : {http://terminology.hl7.org/CodeSystem/measure-population code 'initial-population' = 'Initial Population)</span></p><p><b>count</b>: 7</p></blockquote><blockquote><p><b>population</b></p><p><b>id</b>: numC19HOPats</p><p><b>code</b>: Initial Population <span style=\"background: LightGoldenRodYellow\">(Details : {http://terminology.hl7.org/CodeSystem/measure-population code 'initial-population' = 'Initial Population)</span></p><p><b>count</b>: 0</p></blockquote><blockquote><p><b>population</b></p><p><b>id</b>: numC19OverflowPats</p><p><b>code</b>: Initial Population <span style=\"background: LightGoldenRodYellow\">(Details : {http://terminology.hl7.org/CodeSystem/measure-population code 'initial-population' = 'Initial Population)</span></p><p><b>count</b>: 0</p></blockquote><blockquote><p><b>population</b></p><p><b>id</b>: numC19OFMechVentPats</p><p><b>code</b>: Initial Population <span style=\"background: LightGoldenRodYellow\">(Details : {http://terminology.hl7.org/CodeSystem/measure-population code 'initial-population' = 'Initial Population)</span></p><p><b>count</b>: 0</p></blockquote><blockquote><p><b>population</b></p><p><b>id</b>: numC19Died</p><p><b>code</b>: Initial Population <span style=\"background: LightGoldenRodYellow\">(Details : {http://terminology.hl7.org/CodeSystem/measure-population code 'initial-population' = 'Initial Population)</span></p><p><b>count</b>: 1</p></blockquote></blockquote></div>"
        },
        "status": "complete",
        "type": "individual",
        "measure": "http://cdcmeasures.example.org/modules/covid19/20200331/numTotBeds",
        "subject": {
          "identifier": {
            "system": "urn:oid:2.16.840.1.113883.6.277",
            "value": "2.16.840.1.113883.6.277.123"
          }
        },
        "date": "2020-04-04T07:00:53.208624Z",
        "reporter": {
          "identifier": {
            "system": "urn:oid:2.16.840.1.113883.6.277",
            "value": "2.16.840.1.113883.6.277.123"
          }
        },
        "period": {
          "start": "2020-04-03",
          "end": "2020-04-03"
        },
        "group": [
          {
            "code": {
              "text": "Hospital Bed/ICU Capacity"
            },
            "population": [
              {
                "id": "numVent",
                "code": {
                  "coding": [
                    {
                      "system": "http://terminology.hl7.org/CodeSystem/measure-population",
                      "code": "initial-population"
                    }
                  ]
                },
                "count": 20
              },
              {
                "id": "numVentUse",
                "code": {
                  "coding": [
                    {
                      "system": "http://terminology.hl7.org/CodeSystem/measure-population",
                      "code": "initial-population"
                    }
                  ]
                },
                "count": 7
              }
            ]
          },
          {
            "code": {
              "text": "Hospital Ventilator Capacity"
            },
            "population": [
              {
                "id": "numTotBeds",
                "code": {
                  "coding": [
                    {
                      "system": "http://terminology.hl7.org/CodeSystem/measure-population",
                      "code": "initial-population"
                    }
                  ]
                },
                "count": 125
              },
              {
                "id": "numbeds",
                "code": {
                  "coding": [
                    {
                      "system": "http://terminology.hl7.org/CodeSystem/measure-population",
                      "code": "initial-population"
                    }
                  ]
                },
                "count": 100
              },
              {
                "id": "numBedsOcc",
                "code": {
                  "coding": [
                    {
                      "system": "http://terminology.hl7.org/CodeSystem/measure-population",
                      "code": "initial-population"
                    }
                  ]
                },
                "count": 78
              },
              {
                "id": "numICUBeds",
                "code": {
                  "coding": [
                    {
                      "system": "http://terminology.hl7.org/CodeSystem/measure-population",
                      "code": "initial-population"
                    }
                  ]
                },
                "count": 20
              },
              {
                "id": "numICUBedsOcc",
                "code": {
                  "coding": [
                    {
                      "system": "http://terminology.hl7.org/CodeSystem/measure-population",
                      "code": "initial-population"
                    }
                  ]
                },
                "count": 14
              }
            ]
          },
          {
            "code": {
              "text": "Patient Impact"
            },
            "population": [
              {
                "id": "numC19HospPats",
                "code": {
                  "coding": [
                    {
                      "system": "http://terminology.hl7.org/CodeSystem/measure-population",
                      "code": "initial-population"
                    }
                  ]
                },
                "count": 24
              },
              {
                "id": "numC19MechVentPats",
                "code": {
                  "coding": [
                    {
                      "system": "http://terminology.hl7.org/CodeSystem/measure-population",
                      "code": "initial-population"
                    }
                  ]
                },
                "count": 7
              },
              {
                "id": "numC19HOPats",
                "code": {
                  "coding": [
                    {
                      "system": "http://terminology.hl7.org/CodeSystem/measure-population",
                      "code": "initial-population"
                    }
                  ]
                },
                "count": 0
              },
              {
                "id": "numC19OverflowPats",
                "code": {
                  "coding": [
                    {
                      "system": "http://terminology.hl7.org/CodeSystem/measure-population",
                      "code": "initial-population"
                    }
                  ]
                },
                "count": 0
              },
              {
                "id": "numC19OFMechVentPats",
                "code": {
                  "coding": [
                    {
                      "system": "http://terminology.hl7.org/CodeSystem/measure-population",
                      "code": "initial-population"
                    }
                  ]
                },
                "count": 0
              },
              {
                "id": "numC19Died",
                "code": {
                  "coding": [
                    {
                      "system": "http://terminology.hl7.org/CodeSystem/measure-population",
                      "code": "initial-population"
                    }
                  ]
                },
                "count": 1
              }
            ]
          }
        ]
      },
      "request": {
        "method": "POST",
        "url": "MeasureReport"
      }
    },
    {
      "fullUrl": "urn:uuid:072ed33e-7642-11ea-be32-a4d18ccf5172",
      "resource": {
        "resourceType": "MeasureReport",
        "id": "072ed33e-7642-11ea-be32-a4d18ccf5172",
        "text": {
          "status": "generated",
          "div": "<div xmlns=\"http://www.w3.org/1999/xhtml\"><p><b>Generated Narrative with Details</b></p><p><b>id</b>: 072ed33e-7642-11ea-be32-a4d18ccf5172</p><p><b>status</b>: complete</p><p><b>type</b>: individual</p><p><b>measure</b>: <a href=\"http://cdcmeasures.example.org/modules/covid19/20200331/numTotBeds\">http://cdcmeasures.example.org/modules/covid19/20200331/numTotBeds</a></p><p><b>subject</b>: </p><p><b>date</b>: Apr 4, 2020, 12:00:53 AM</p><p><b>reporter</b>: </p><p><b>period</b>: Apr 4, 2020, 12:00:00 AM --&gt; Apr 4, 2020, 12:00:00 AM</p><blockquote><p><b>group</b></p><p><b>code</b>: Hospital Bed/ICU Capacity <span style=\"background: LightGoldenRodYellow\">(Details )</span></p><blockquote><p><b>population</b></p><p><b>id</b>: numVent</p><p><b>code</b>: Initial Population <span style=\"background: LightGoldenRodYellow\">(Details : {http://terminology.hl7.org/CodeSystem/measure-population code 'initial-population' = 'Initial Population)</span></p><p><b>count</b>: 20</p></blockquote><blockquote><p><b>population</b></p><p><b>id</b>: numVentUse</p><p><b>code</b>: Initial Population <span style=\"background: LightGoldenRodYellow\">(Details : {http://terminology.hl7.org/CodeSystem/measure-population code 'initial-population' = 'Initial Population)</span></p><p><b>count</b>: 7</p></blockquote></blockquote><blockquote><p><b>group</b></p><p><b>code</b>: Hospital Ventilator Capacity <span style=\"background: LightGoldenRodYellow\">(Details )</span></p><blockquote><p><b>population</b></p><p><b>id</b>: numTotBeds</p><p><b>code</b>: Initial Population <span style=\"background: LightGoldenRodYellow\">(Details : {http://terminology.hl7.org/CodeSystem/measure-population code 'initial-population' = 'Initial Population)</span></p><p><b>count</b>: 125</p></blockquote><blockquote><p><b>population</b></p><p><b>id</b>: numbeds</p><p><b>code</b>: Initial Population <span style=\"background: LightGoldenRodYellow\">(Details : {http://terminology.hl7.org/CodeSystem/measure-population code 'initial-population' = 'Initial Population)</span></p><p><b>count</b>: 100</p></blockquote><blockquote><p><b>population</b></p><p><b>id</b>: numBedsOcc</p><p><b>code</b>: Initial Population <span style=\"background: LightGoldenRodYellow\">(Details : {http://terminology.hl7.org/CodeSystem/measure-population code 'initial-population' = 'Initial Population)</span></p><p><b>count</b>: 80</p></blockquote><blockquote><p><b>population</b></p><p><b>id</b>: numICUBeds</p><p><b>code</b>: Initial Population <span style=\"background: LightGoldenRodYellow\">(Details : {http://terminology.hl7.org/CodeSystem/measure-population code 'initial-population' = 'Initial Population)</span></p><p><b>count</b>: 20</p></blockquote><blockquote><p><b>population</b></p><p><b>id</b>: numICUBedsOcc</p><p><b>code</b>: Initial Population <span style=\"background: LightGoldenRodYellow\">(Details : {http://terminology.hl7.org/CodeSystem/measure-population code 'initial-population' = 'Initial Population)</span></p><p><b>count</b>: 15</p></blockquote></blockquote><blockquote><p><b>group</b></p><p><b>code</b>: Patient Impact <span style=\"background: LightGoldenRodYellow\">(Details )</span></p><blockquote><p><b>population</b></p><p><b>id</b>: numC19HospPats</p><p><b>code</b>: Initial Population <span style=\"background: LightGoldenRodYellow\">(Details : {http://terminology.hl7.org/CodeSystem/measure-population code 'initial-population' = 'Initial Population)</span></p><p><b>count</b>: 25</p></blockquote><blockquote><p><b>population</b></p><p><b>id</b>: numC19MechVentPats</p><p><b>code</b>: Initial Population <span style=\"background: LightGoldenRodYellow\">(Details : {http://terminology.hl7.org/CodeSystem/measure-population code 'initial-population' = 'Initial Population)</span></p><p><b>count</b>: 7</p></blockquote><blockquote><p><b>population</b></p><p><b>id</b>: numC19HOPats</p><p><b>code</b>: Initial Population <span style=\"background: LightGoldenRodYellow\">(Details : {http://terminology.hl7.org/CodeSystem/measure-population code 'initial-population' = 'Initial Population)</span></p><p><b>count</b>: 0</p></blockquote><blockquote><p><b>population</b></p><p><b>id</b>: numC19OverflowPats</p><p><b>code</b>: Initial Population <span style=\"background: LightGoldenRodYellow\">(Details : {http://terminology.hl7.org/CodeSystem/measure-population code 'initial-population' = 'Initial Population)</span></p><p><b>count</b>: 0</p></blockquote><blockquote><p><b>population</b></p><p><b>id</b>: numC19OFMechVentPats</p><p><b>code</b>: Initial Population <span style=\"background: LightGoldenRodYellow\">(Details : {http://terminology.hl7.org/CodeSystem/measure-population code 'initial-population' = 'Initial Population)</span></p><p><b>count</b>: 0</p></blockquote><blockquote><p><b>population</b></p><p><b>id</b>: numC19Died</p><p><b>code</b>: Initial Population <span style=\"background: LightGoldenRodYellow\">(Details : {http://terminology.hl7.org/CodeSystem/measure-population code 'initial-population' = 'Initial Population)</span></p><p><b>count</b>: 0</p></blockquote></blockquote></div>"
        },
        "status": "complete",
        "type": "individual",
        "measure": "http://cdcmeasures.example.org/modules/covid19/20200331/numTotBeds",
        "subject": {
          "identifier": {
            "system": "urn:oid:2.16.840.1.113883.6.277",
            "value": "2.16.840.1.113883.6.277.123"
          }
        },
        "date": "2020-04-04T07:00:53.208624Z",
        "reporter": {
          "identifier": {
            "system": "urn:oid:2.16.840.1.113883.6.277",
            "value": "2.16.840.1.113883.6.277.123"
          }
        },
        "period": {
          "start": "2020-04-04",
          "end": "2020-04-04"
        },
        "group": [
          {
            "code": {
              "text": "Hospital Bed/ICU Capacity"
            },
            "population": [
              {
                "id": "numVent",
                "code": {
                  "coding": [
                    {
                      "system": "http://terminology.hl7.org/CodeSystem/measure-population",
                      "code": "initial-population"
                    }
                  ]
                },
                "count": 20
              },
              {
                "id": "numVentUse",
                "code": {
                  "coding": [
                    {
                      "system": "http://terminology.hl7.org/CodeSystem/measure-population",
                      "code": "initial-population"
                    }
                  ]
                },
                "count": 7
              }
            ]
          },
          {
            "code": {
              "text": "Hospital Ventilator Capacity"
            },
            "population": [
              {
                "id": "numTotBeds",
                "code": {
                  "coding": [
                    {
                      "system": "http://terminology.hl7.org/CodeSystem/measure-population",
                      "code": "initial-population"
                    }
                  ]
                },
                "count": 125
              },
              {
                "id": "numbeds",
                "code": {
                  "coding": [
                    {
                      "system": "http://terminology.hl7.org/CodeSystem/measure-population",
                      "code": "initial-population"
                    }
                  ]
                },
                "count": 100
              },
              {
                "id": "numBedsOcc",
                "code": {
                  "coding": [
                    {
                      "system": "http://terminology.hl7.org/CodeSystem/measure-population",
                      "code": "initial-population"
                    }
                  ]
                },
                "count": 80
              },
              {
                "id": "numICUBeds",
                "code": {
                  "coding": [
                    {
                      "system": "http://terminology.hl7.org/CodeSystem/measure-population",
                      "code": "initial-population"
                    }
                  ]
                },
                "count": 20
              },
              {
                "id": "numICUBedsOcc",
                "code": {
                  "coding": [
                    {
                      "system": "http://terminology.hl7.org/CodeSystem/measure-population",
                      "code": "initial-population"
                    }
                  ]
                },
                "count": 15
              }
            ]
          },
          {
            "code": {
              "text": "Patient Impact"
            },
            "population": [
              {
                "id": "numC19HospPats",
                "code": {
                  "coding": [
                    {
                      "system": "http://terminology.hl7.org/CodeSystem/measure-population",
                      "code": "initial-population"
                    }
                  ]
                },
                "count": 25
              },
              {
                "id": "numC19MechVentPats",
                "code": {
                  "coding": [
                    {
                      "system": "http://terminology.hl7.org/CodeSystem/measure-population",
                      "code": "initial-population"
                    }
                  ]
                },
                "count": 7
              },
              {
                "id": "numC19HOPats",
                "code": {
                  "coding": [
                    {
                      "system": "http://terminology.hl7.org/CodeSystem/measure-population",
                      "code": "initial-population"
                    }
                  ]
                },
                "count": 0
              },
              {
                "id": "numC19OverflowPats",
                "code": {
                  "coding": [
                    {
                      "system": "http://terminology.hl7.org/CodeSystem/measure-population",
                      "code": "initial-population"
                    }
                  ]
                },
                "count": 0
              },
              {
                "id": "numC19OFMechVentPats",
                "code": {
                  "coding": [
                    {
                      "system": "http://terminology.hl7.org/CodeSystem/measure-population",
                      "code": "initial-population"
                    }
                  ]
                },
                "count": 0
              },
              {
                "id": "numC19Died",
                "code": {
                  "coding": [
                    {
                      "system": "http://terminology.hl7.org/CodeSystem/measure-population",
                      "code": "initial-population"
                    }
                  ]
                },
                "count": 0
              }
            ]
          }
        ]
      },
      "request": {
        "method": "POST",
        "url": "MeasureReport"
      }
    },
    {
      "fullUrl": "urn:uuid:075c4fb2-7642-11ea-be32-a4d18ccf5172",
      "resource": {
        "resourceType": "MeasureReport",
        "id": "075c4fb2-7642-11ea-be32-a4d18ccf5172",
        "text": {
          "status": "generated",
          "div": "<div xmlns=\"http://www.w3.org/1999/xhtml\"><p><b>Generated Narrative with Details</b></p><p><b>id</b>: 075c4fb2-7642-11ea-be32-a4d18ccf5172</p><p><b>status</b>: complete</p><p><b>type</b>: individual</p><p><b>measure</b>: <a href=\"http://cdcmeasures.example.org/modules/covid19/20200331/numTotBeds\">http://cdcmeasures.example.org/modules/covid19/20200331/numTotBeds</a></p><p><b>subject</b>: </p><p><b>date</b>: Apr 4, 2020, 12:00:53 AM</p><p><b>reporter</b>: </p><p><b>period</b>: Apr 5, 2020, 12:00:00 AM --&gt; Apr 5, 2020, 12:00:00 AM</p><blockquote><p><b>group</b></p><p><b>code</b>: Hospital Bed/ICU Capacity <span style=\"background: LightGoldenRodYellow\">(Details )</span></p><blockquote><p><b>population</b></p><p><b>id</b>: numVent</p><p><b>code</b>: Initial Population <span style=\"background: LightGoldenRodYellow\">(Details : {http://terminology.hl7.org/CodeSystem/measure-population code 'initial-population' = 'Initial Population)</span></p><p><b>count</b>: 20</p></blockquote><blockquote><p><b>population</b></p><p><b>id</b>: numVentUse</p><p><b>code</b>: Initial Population <span style=\"background: LightGoldenRodYellow\">(Details : {http://terminology.hl7.org/CodeSystem/measure-population code 'initial-population' = 'Initial Population)</span></p><p><b>count</b>: 9</p></blockquote></blockquote><blockquote><p><b>group</b></p><p><b>code</b>: Hospital Ventilator Capacity <span style=\"background: LightGoldenRodYellow\">(Details )</span></p><blockquote><p><b>population</b></p><p><b>id</b>: numTotBeds</p><p><b>code</b>: Initial Population <span style=\"background: LightGoldenRodYellow\">(Details : {http://terminology.hl7.org/CodeSystem/measure-population code 'initial-population' = 'Initial Population)</span></p><p><b>count</b>: 125</p></blockquote><blockquote><p><b>population</b></p><p><b>id</b>: numbeds</p><p><b>code</b>: Initial Population <span style=\"background: LightGoldenRodYellow\">(Details : {http://terminology.hl7.org/CodeSystem/measure-population code 'initial-population' = 'Initial Population)</span></p><p><b>count</b>: 100</p></blockquote><blockquote><p><b>population</b></p><p><b>id</b>: numBedsOcc</p><p><b>code</b>: Initial Population <span style=\"background: LightGoldenRodYellow\">(Details : {http://terminology.hl7.org/CodeSystem/measure-population code 'initial-population' = 'Initial Population)</span></p><p><b>count</b>: 82</p></blockquote><blockquote><p><b>population</b></p><p><b>id</b>: numICUBeds</p><p><b>code</b>: Initial Population <span style=\"background: LightGoldenRodYellow\">(Details : {http://terminology.hl7.org/CodeSystem/measure-population code 'initial-population' = 'Initial Population)</span></p><p><b>count</b>: 20</p></blockquote><blockquote><p><b>population</b></p><p><b>id</b>: numICUBedsOcc</p><p><b>code</b>: Initial Population <span style=\"background: LightGoldenRodYellow\">(Details : {http://terminology.hl7.org/CodeSystem/measure-population code 'initial-population' = 'Initial Population)</span></p><p><b>count</b>: 16</p></blockquote></blockquote><blockquote><p><b>group</b></p><p><b>code</b>: Patient Impact <span style=\"background: LightGoldenRodYellow\">(Details )</span></p><blockquote><p><b>population</b></p><p><b>id</b>: numC19HospPats</p><p><b>code</b>: Initial Population <span style=\"background: LightGoldenRodYellow\">(Details : {http://terminology.hl7.org/CodeSystem/measure-population code 'initial-population' = 'Initial Population)</span></p><p><b>count</b>: 26</p></blockquote><blockquote><p><b>population</b></p><p><b>id</b>: numC19MechVentPats</p><p><b>code</b>: Initial Population <span style=\"background: LightGoldenRodYellow\">(Details : {http://terminology.hl7.org/CodeSystem/measure-population code 'initial-population' = 'Initial Population)</span></p><p><b>count</b>: 9</p></blockquote><blockquote><p><b>population</b></p><p><b>id</b>: numC19HOPats</p><p><b>code</b>: Initial Population <span style=\"background: LightGoldenRodYellow\">(Details : {http://terminology.hl7.org/CodeSystem/measure-population code 'initial-population' = 'Initial Population)</span></p><p><b>count</b>: 0</p></blockquote><blockquote><p><b>population</b></p><p><b>id</b>: numC19OverflowPats</p><p><b>code</b>: Initial Population <span style=\"background: LightGoldenRodYellow\">(Details : {http://terminology.hl7.org/CodeSystem/measure-population code 'initial-population' = 'Initial Population)</span></p><p><b>count</b>: 0</p></blockquote><blockquote><p><b>population</b></p><p><b>id</b>: numC19OFMechVentPats</p><p><b>code</b>: Initial Population <span style=\"background: LightGoldenRodYellow\">(Details : {http://terminology.hl7.org/CodeSystem/measure-population code 'initial-population' = 'Initial Population)</span></p><p><b>count</b>: 0</p></blockquote><blockquote><p><b>population</b></p><p><b>id</b>: numC19Died</p><p><b>code</b>: Initial Population <span style=\"background: LightGoldenRodYellow\">(Details : {http://terminology.hl7.org/CodeSystem/measure-population code 'initial-population' = 'Initial Population)</span></p><p><b>count</b>: 0</p></blockquote></blockquote></div>"
        },
        "status": "complete",
        "type": "individual",
        "measure": "http://cdcmeasures.example.org/modules/covid19/20200331/numTotBeds",
        "subject": {
          "identifier": {
            "system": "urn:oid:2.16.840.1.113883.6.277",
            "value": "2.16.840.1.113883.6.277.123"
          }
        },
        "date": "2020-04-04T07:00:53.208624Z",
        "reporter": {
          "identifier": {
            "system": "urn:oid:2.16.840.1.113883.6.277",
            "value": "2.16.840.1.113883.6.277.123"
          }
        },
        "period": {
          "start": "2020-04-05",
          "end": "2020-04-05"
        },
        "group": [
          {
            "code": {
              "text": "Hospital Bed/ICU Capacity"
            },
            "population": [
              {
                "id": "numVent",
                "code": {
                  "coding": [
                    {
                      "system": "http://terminology.hl7.org/CodeSystem/measure-population",
                      "code": "initial-population"
                    }
                  ]
                },
                "count": 20
              },
              {
                "id": "numVentUse",
                "code": {
                  "coding": [
                    {
                      "system": "http://terminology.hl7.org/CodeSystem/measure-population",
                      "code": "initial-population"
                    }
                  ]
                },
                "count": 9
              }
            ]
          },
          {
            "code": {
              "text": "Hospital Ventilator Capacity"
            },
            "population": [
              {
                "id": "numTotBeds",
                "code": {
                  "coding": [
                    {
                      "system": "http://terminology.hl7.org/CodeSystem/measure-population",
                      "code": "initial-population"
                    }
                  ]
                },
                "count": 125
              },
              {
                "id": "numbeds",
                "code": {
                  "coding": [
                    {
                      "system": "http://terminology.hl7.org/CodeSystem/measure-population",
                      "code": "initial-population"
                    }
                  ]
                },
                "count": 100
              },
              {
                "id": "numBedsOcc",
                "code": {
                  "coding": [
                    {
                      "system": "http://terminology.hl7.org/CodeSystem/measure-population",
                      "code": "initial-population"
                    }
                  ]
                },
                "count": 82
              },
              {
                "id": "numICUBeds",
                "code": {
                  "coding": [
                    {
                      "system": "http://terminology.hl7.org/CodeSystem/measure-population",
                      "code": "initial-population"
                    }
                  ]
                },
                "count": 20
              },
              {
                "id": "numICUBedsOcc",
                "code": {
                  "coding": [
                    {
                      "system": "http://terminology.hl7.org/CodeSystem/measure-population",
                      "code": "initial-population"
                    }
                  ]
                },
                "count": 16
              }
            ]
          },
          {
            "code": {
              "text": "Patient Impact"
            },
            "population": [
              {
                "id": "numC19HospPats",
                "code": {
                  "coding": [
                    {
                      "system": "http://terminology.hl7.org/CodeSystem/measure-population",
                      "code": "initial-population"
                    }
                  ]
                },
                "count": 26
              },
              {
                "id": "numC19MechVentPats",
                "code": {
                  "coding": [
                    {
                      "system": "http://terminology.hl7.org/CodeSystem/measure-population",
                      "code": "initial-population"
                    }
                  ]
                },
                "count": 9
              },
              {
                "id": "numC19HOPats",
                "code": {
                  "coding": [
                    {
                      "system": "http://terminology.hl7.org/CodeSystem/measure-population",
                      "code": "initial-population"
                    }
                  ]
                },
                "count": 0
              },
              {
                "id": "numC19OverflowPats",
                "code": {
                  "coding": [
                    {
                      "system": "http://terminology.hl7.org/CodeSystem/measure-population",
                      "code": "initial-population"
                    }
                  ]
                },
                "count": 0
              },
              {
                "id": "numC19OFMechVentPats",
                "code": {
                  "coding": [
                    {
                      "system": "http://terminology.hl7.org/CodeSystem/measure-population",
                      "code": "initial-population"
                    }
                  ]
                },
                "count": 0
              },
              {
                "id": "numC19Died",
                "code": {
                  "coding": [
                    {
                      "system": "http://terminology.hl7.org/CodeSystem/measure-population",
                      "code": "initial-population"
                    }
                  ]
                },
                "count": 0
              }
            ]
          }
        ]
      },
      "request": {
        "method": "POST",
        "url": "MeasureReport"
      }
    },
    {
      "fullUrl": "urn:uuid:07866220-7642-11ea-be32-a4d18ccf5172",
      "resource": {
        "resourceType": "MeasureReport",
        "id": "07866220-7642-11ea-be32-a4d18ccf5172",
        "text": {
          "status": "generated",
          "div": "<div xmlns=\"http://www.w3.org/1999/xhtml\"><p><b>Generated Narrative with Details</b></p><p><b>id</b>: 07866220-7642-11ea-be32-a4d18ccf5172</p><p><b>status</b>: complete</p><p><b>type</b>: individual</p><p><b>measure</b>: <a href=\"http://cdcmeasures.example.org/modules/covid19/20200331/numTotBeds\">http://cdcmeasures.example.org/modules/covid19/20200331/numTotBeds</a></p><p><b>subject</b>: </p><p><b>date</b>: Apr 4, 2020, 12:00:53 AM</p><p><b>reporter</b>: </p><p><b>period</b>: Apr 6, 2020, 12:00:00 AM --&gt; Apr 6, 2020, 12:00:00 AM</p><blockquote><p><b>group</b></p><p><b>code</b>: Hospital Bed/ICU Capacity <span style=\"background: LightGoldenRodYellow\">(Details )</span></p><blockquote><p><b>population</b></p><p><b>id</b>: numVent</p><p><b>code</b>: Initial Population <span style=\"background: LightGoldenRodYellow\">(Details : {http://terminology.hl7.org/CodeSystem/measure-population code 'initial-population' = 'Initial Population)</span></p><p><b>count</b>: 20</p></blockquote><blockquote><p><b>population</b></p><p><b>id</b>: numVentUse</p><p><b>code</b>: Initial Population <span style=\"background: LightGoldenRodYellow\">(Details : {http://terminology.hl7.org/CodeSystem/measure-population code 'initial-population' = 'Initial Population)</span></p><p><b>count</b>: 9</p></blockquote></blockquote><blockquote><p><b>group</b></p><p><b>code</b>: Hospital Ventilator Capacity <span style=\"background: LightGoldenRodYellow\">(Details )</span></p><blockquote><p><b>population</b></p><p><b>id</b>: numTotBeds</p><p><b>code</b>: Initial Population <span style=\"background: LightGoldenRodYellow\">(Details : {http://terminology.hl7.org/CodeSystem/measure-population code 'initial-population' = 'Initial Population)</span></p><p><b>count</b>: 125</p></blockquote><blockquote><p><b>population</b></p><p><b>id</b>: numbeds</p><p><b>code</b>: Initial Population <span style=\"background: LightGoldenRodYellow\">(Details : {http://terminology.hl7.org/CodeSystem/measure-population code 'initial-population' = 'Initial Population)</span></p><p><b>count</b>: 100</p></blockquote><blockquote><p><b>population</b></p><p><b>id</b>: numBedsOcc</p><p><b>code</b>: Initial Population <span style=\"background: LightGoldenRodYellow\">(Details : {http://terminology.hl7.org/CodeSystem/measure-population code 'initial-population' = 'Initial Population)</span></p><p><b>count</b>: 84</p></blockquote><blockquote><p><b>population</b></p><p><b>id</b>: numICUBeds</p><p><b>code</b>: Initial Population <span style=\"background: LightGoldenRodYellow\">(Details : {http://terminology.hl7.org/CodeSystem/measure-population code 'initial-population' = 'Initial Population)</span></p><p><b>count</b>: 20</p></blockquote><blockquote><p><b>population</b></p><p><b>id</b>: numICUBedsOcc</p><p><b>code</b>: Initial Population <span style=\"background: LightGoldenRodYellow\">(Details : {http://terminology.hl7.org/CodeSystem/measure-population code 'initial-population' = 'Initial Population)</span></p><p><b>count</b>: 17</p></blockquote></blockquote><blockquote><p><b>group</b></p><p><b>code</b>: Patient Impact <span style=\"background: LightGoldenRodYellow\">(Details )</span></p><blockquote><p><b>population</b></p><p><b>id</b>: numC19HospPats</p><p><b>code</b>: Initial Population <span style=\"background: LightGoldenRodYellow\">(Details : {http://terminology.hl7.org/CodeSystem/measure-population code 'initial-population' = 'Initial Population)</span></p><p><b>count</b>: 27</p></blockquote><blockquote><p><b>population</b></p><p><b>id</b>: numC19MechVentPats</p><p><b>code</b>: Initial Population <span style=\"background: LightGoldenRodYellow\">(Details : {http://terminology.hl7.org/CodeSystem/measure-population code 'initial-population' = 'Initial Population)</span></p><p><b>count</b>: 9</p></blockquote><blockquote><p><b>population</b></p><p><b>id</b>: numC19HOPats</p><p><b>code</b>: Initial Population <span style=\"background: LightGoldenRodYellow\">(Details : {http://terminology.hl7.org/CodeSystem/measure-population code 'initial-population' = 'Initial Population)</span></p><p><b>count</b>: 0</p></blockquote><blockquote><p><b>population</b></p><p><b>id</b>: numC19OverflowPats</p><p><b>code</b>: Initial Population <span style=\"background: LightGoldenRodYellow\">(Details : {http://terminology.hl7.org/CodeSystem/measure-population code 'initial-population' = 'Initial Population)</span></p><p><b>count</b>: 0</p></blockquote><blockquote><p><b>population</b></p><p><b>id</b>: numC19OFMechVentPats</p><p><b>code</b>: Initial Population <span style=\"background: LightGoldenRodYellow\">(Details : {http://terminology.hl7.org/CodeSystem/measure-population code 'initial-population' = 'Initial Population)</span></p><p><b>count</b>: 0</p></blockquote><blockquote><p><b>population</b></p><p><b>id</b>: numC19Died</p><p><b>code</b>: Initial Population <span style=\"background: LightGoldenRodYellow\">(Details : {http://terminology.hl7.org/CodeSystem/measure-population code 'initial-population' = 'Initial Population)</span></p><p><b>count</b>: 1</p></blockquote></blockquote></div>"
        },
        "status": "complete",
        "type": "individual",
        "measure": "http://cdcmeasures.example.org/modules/covid19/20200331/numTotBeds",
        "subject": {
          "identifier": {
            "system": "urn:oid:2.16.840.1.113883.6.277",
            "value": "2.16.840.1.113883.6.277.123"
          }
        },
        "date": "2020-04-04T07:00:53.208624Z",
        "reporter": {
          "identifier": {
            "system": "urn:oid:2.16.840.1.113883.6.277",
            "value": "2.16.840.1.113883.6.277.123"
          }
        },
        "period": {
          "start": "2020-04-06",
          "end": "2020-04-06"
        },
        "group": [
          {
            "code": {
              "text": "Hospital Bed/ICU Capacity"
            },
            "population": [
              {
                "id": "numVent",
                "code": {
                  "coding": [
                    {
                      "system": "http://terminology.hl7.org/CodeSystem/measure-population",
                      "code": "initial-population"
                    }
                  ]
                },
                "count": 20
              },
              {
                "id": "numVentUse",
                "code": {
                  "coding": [
                    {
                      "system": "http://terminology.hl7.org/CodeSystem/measure-population",
                      "code": "initial-population"
                    }
                  ]
                },
                "count": 9
              }
            ]
          },
          {
            "code": {
              "text": "Hospital Ventilator Capacity"
            },
            "population": [
              {
                "id": "numTotBeds",
                "code": {
                  "coding": [
                    {
                      "system": "http://terminology.hl7.org/CodeSystem/measure-population",
                      "code": "initial-population"
                    }
                  ]
                },
                "count": 125
              },
              {
                "id": "numbeds",
                "code": {
                  "coding": [
                    {
                      "system": "http://terminology.hl7.org/CodeSystem/measure-population",
                      "code": "initial-population"
                    }
                  ]
                },
                "count": 100
              },
              {
                "id": "numBedsOcc",
                "code": {
                  "coding": [
                    {
                      "system": "http://terminology.hl7.org/CodeSystem/measure-population",
                      "code": "initial-population"
                    }
                  ]
                },
                "count": 84
              },
              {
                "id": "numICUBeds",
                "code": {
                  "coding": [
                    {
                      "system": "http://terminology.hl7.org/CodeSystem/measure-population",
                      "code": "initial-population"
                    }
                  ]
                },
                "count": 20
              },
              {
                "id": "numICUBedsOcc",
                "code": {
                  "coding": [
                    {
                      "system": "http://terminology.hl7.org/CodeSystem/measure-population",
                      "code": "initial-population"
                    }
                  ]
                },
                "count": 17
              }
            ]
          },
          {
            "code": {
              "text": "Patient Impact"
            },
            "population": [
              {
                "id": "numC19HospPats",
                "code": {
                  "coding": [
                    {
                      "system": "http://terminology.hl7.org/CodeSystem/measure-population",
                      "code": "initial-population"
                    }
                  ]
                },
                "count": 27
              },
              {
                "id": "numC19MechVentPats",
                "code": {
                  "coding": [
                    {
                      "system": "http://terminology.hl7.org/CodeSystem/measure-population",
                      "code": "initial-population"
                    }
                  ]
                },
                "count": 9
              },
              {
                "id": "numC19HOPats",
                "code": {
                  "coding": [
                    {
                      "system": "http://terminology.hl7.org/CodeSystem/measure-population",
                      "code": "initial-population"
                    }
                  ]
                },
                "count": 0
              },
              {
                "id": "numC19OverflowPats",
                "code": {
                  "coding": [
                    {
                      "system": "http://terminology.hl7.org/CodeSystem/measure-population",
                      "code": "initial-population"
                    }
                  ]
                },
                "count": 0
              },
              {
                "id": "numC19OFMechVentPats",
                "code": {
                  "coding": [
                    {
                      "system": "http://terminology.hl7.org/CodeSystem/measure-population",
                      "code": "initial-population"
                    }
                  ]
                },
                "count": 0
              },
              {
                "id": "numC19Died",
                "code": {
                  "coding": [
                    {
                      "system": "http://terminology.hl7.org/CodeSystem/measure-population",
                      "code": "initial-population"
                    }
                  ]
                },
                "count": 1
              }
            ]
          }
        ]
      },
      "request": {
        "method": "POST",
        "url": "MeasureReport"
      }
    }
  ]
}