{
  "resourceType": "Measure",
  "id": "cdc-covid",
  "text": {
    "status": "generated",
    "div": "<div xmlns=\"http://www.w3.org/1999/xhtml\"><p><b>Generated Narrative with Details</b></p><p><b>id</b>: cdc-covid</p><p><b>url</b>: <a href=\"http://cdcmeasures.example.org/modules/covid19/20200331/numTotBeds\">http://cdcmeasures.example.org/modules/covid19/20200331/numTotBeds</a></p><p><b>version</b>: 20200401.06</p><p><b>name</b>: Covid_19PatientImpactHospitalCapacity</p><p><b>title</b>: COVID-19 Patient Impact &amp; Hospital Capacity</p><p><b>status</b>: draft</p><p><b>subject</b>: Location <span style=\"background: LightGoldenRodYellow\">(Details : {http://hl7.org/fhir/resource-types code 'Location' = 'Location', given as 'Location'})</span></p><p><b>date</b>: Mar 30, 2020, 5:00:00 PM</p><p><b>publisher</b>: SANER-IG</p><p><b>description</b>: CDC, NHSN COVID-19 Patient Impact &amp; Hospital Capacity Hospital Bed/ICU/Ventilator Capacity. The Centers for Disease Control and Prevention’s (CDC’s) National Healthcare Safety Network (NHSN) is supporting the nation’s COVID-19 response by introducing a new COVID-19 Patient Impact and Hospital Capacity Module within NHSN’s Patient Safety Component. https://www.cdc.gov/nhsn/acute-care-hospital/covid19/index.html</p><p><b>useContext</b>: </p><p><b>jurisdiction</b>: United States of America <span style=\"background: LightGoldenRodYellow\">(Details : {urn:iso:std:iso:3166 code 'US' = 'United States of America', given as 'United States of America'})</span></p><p><b>relatedArtifact</b>: , , </p><p><b>scoring</b>: Cohort <span style=\"background: LightGoldenRodYellow\">(Details : {http://terminology.hl7.org/CodeSystem/measure-scoring code 'cohort' = 'Cohort', given as 'Cohort'})</span></p><p><b>type</b>: Structure <span style=\"background: LightGoldenRodYellow\">(Details : {http://terminology.hl7.org/CodeSystem/measure-type code 'structure' = 'Structure', given as 'Structure'})</span></p><blockquote><p><b>group</b></p><p><b>code</b>: Hospital Bed/ICU Capacity <span style=\"background: LightGoldenRodYellow\">(Details )</span></p><blockquote><p><b>population</b></p><p><b>id</b>: numTotBeds</p><p><b>code</b>: Initial Population <span style=\"background: LightGoldenRodYellow\">(Details : {http://terminology.hl7.org/CodeSystem/measure-population code 'initial-population' = 'Initial Population', given as 'Initial Population'})</span></p><p><b>description</b>: ALL HOSPITAL BEDS: Total number of all Inpatient and outpatient beds in your hospital, including all staffed, licensed, and overflow surge or expansion beds used for inpatients or for outpatients (includes ICU beds)</p><p><b>criteria</b>: </p></blockquote><blockquote><p><b>population</b></p><p><b>id</b>: Numbeds</p><p><b>code</b>: Initial Population <span style=\"background: LightGoldenRodYellow\">(Details : {http://terminology.hl7.org/CodeSystem/measure-population code 'initial-population' = 'Initial Population', given as 'Initial Population'})</span></p><p><b>description</b>: HOSPITAL INPATIENT BEDS: Total number of staffed inpatient beds in your hospital, including all staffed, licensed, and overflow and surge or expansion beds used for inpatients (includes ICU beds)</p><p><b>criteria</b>: </p></blockquote><blockquote><p><b>population</b></p><p><b>id</b>: numBedsOcc</p><p><b>code</b>: Initial Population <span style=\"background: LightGoldenRodYellow\">(Details : {http://terminology.hl7.org/CodeSystem/measure-population code 'initial-population' = 'Initial Population', given as 'Initial Population'})</span></p><p><b>description</b>: HOSPITAL INPATIENT BED OCCUPANCY: Total number of staffed inpatient beds that are currently occupied</p><p><b>criteria</b>: </p></blockquote><blockquote><p><b>population</b></p><p><b>id</b>: numICUBeds</p><p><b>code</b>: Initial Population <span style=\"background: LightGoldenRodYellow\">(Details : {http://terminology.hl7.org/CodeSystem/measure-population code 'initial-population' = 'Initial Population', given as 'Initial Population'})</span></p><p><b>description</b>: ICU BEDS: Total number of staffed inpatient intensive care unit (ICU) beds</p><p><b>criteria</b>: </p></blockquote><blockquote><p><b>population</b></p><p><b>id</b>: numICUBedsOcc</p><p><b>code</b>: Initial Population <span style=\"background: LightGoldenRodYellow\">(Details : {http://terminology.hl7.org/CodeSystem/measure-population code 'initial-population' = 'Initial Population', given as 'Initial Population'})</span></p><p><b>description</b>: ICU BED OCCUPANCY: Total number of staffed inpatient ICU beds that are occupied</p><p><b>criteria</b>: </p></blockquote></blockquote><blockquote><p><b>group</b></p><p><b>code</b>: Hospital Ventilator Capacity <span style=\"background: LightGoldenRodYellow\">(Details )</span></p><blockquote><p><b>population</b></p><p><b>id</b>: numVent</p><p><b>code</b>: Initial Population <span style=\"background: LightGoldenRodYellow\">(Details : {http://terminology.hl7.org/CodeSystem/measure-population code 'initial-population' = 'Initial Population', given as 'Initial Population'})</span></p><p><b>description</b>: MECHANICAL VENTILATORS: Total number of ventilators available</p><p><b>criteria</b>: </p></blockquote><blockquote><p><b>population</b></p><p><b>id</b>: numVentUse</p><p><b>code</b>: Initial Population <span style=\"background: LightGoldenRodYellow\">(Details : {http://terminology.hl7.org/CodeSystem/measure-population code 'initial-population' = 'Initial Population', given as 'Initial Population'})</span></p><p><b>description</b>: MECHANICAL VENTILATORS IN USE: Total number of ventilators in use</p><p><b>criteria</b>: </p></blockquote></blockquote><blockquote><p><b>group</b></p><p><b>code</b>: Patient Impact <span style=\"background: LightGoldenRodYellow\">(Details )</span></p><blockquote><p><b>population</b></p><p><b>id</b>: numC19HospPats</p><p><b>code</b>: Initial Population <span style=\"background: LightGoldenRodYellow\">(Details : {http://terminology.hl7.org/CodeSystem/measure-population code 'initial-population' = 'Initial Population', given as 'Initial Population'})</span></p><p><b>description</b>: HOSPITALIZED: Patients currently hospitalized in an inpatient bed who have suspected or confirmed COVID-19</p><p><b>criteria</b>: </p></blockquote><blockquote><p><b>population</b></p><p><b>id</b>: numC19MechVentPats</p><p><b>code</b>: Initial Population <span style=\"background: LightGoldenRodYellow\">(Details : {http://terminology.hl7.org/CodeSystem/measure-population code 'initial-population' = 'Initial Population', given as 'Initial Population'})</span></p><p><b>description</b>: HOSPITALIZED and VENTILATED: Patients currently hospitalized in an inpatient bed who have suspected or confirmed COVID-19 and are on a mechanical ventilator</p><p><b>criteria</b>: </p></blockquote><blockquote><p><b>population</b></p><p><b>id</b>: numC19HOPats</p><p><b>code</b>: Initial Population <span style=\"background: LightGoldenRodYellow\">(Details : {http://terminology.hl7.org/CodeSystem/measure-population code 'initial-population' = 'Initial Population', given as 'Initial Population'})</span></p><p><b>description</b>: HOSPITAL ONSET: Patients currently hospitalized in an inpatient bed with onset of suspected or confirmed COVID-19 fourteen or more days after hospital admission due to a condition other than COVID-19</p><p><b>criteria</b>: </p></blockquote><blockquote><p><b>population</b></p><p><b>id</b>: numC19OverflowPats</p><p><b>code</b>: Initial Population <span style=\"background: LightGoldenRodYellow\">(Details : {http://terminology.hl7.org/CodeSystem/measure-population code 'initial-population' = 'Initial Population', given as 'Initial Population'})</span></p><p><b>description</b>: ED/OVERFLOW: Patients with suspected or confirmed COVID-19 who are currently in the Emergency Department (ED) or any overflow location awaiting an inpatient bed</p><p><b>criteria</b>: </p></blockquote><blockquote><p><b>population</b></p><p><b>id</b>: umC19OFMechVentPats</p><p><b>code</b>: Initial Population <span style=\"background: LightGoldenRodYellow\">(Details : {http://terminology.hl7.org/CodeSystem/measure-population code 'initial-population' = 'Initial Population', given as 'Initial Population'})</span></p><p><b>description</b>: ED/OVERFLOW and VENTILATED: Patients with suspected or confirmed COVID-19 who currently are in the ED or any overflow location awaiting an inpatient bed and on a mechanical ventilator</p><p><b>criteria</b>: </p></blockquote><blockquote><p><b>population</b></p><p><b>id</b>: numC19Died</p><p><b>code</b>: Initial Population <span style=\"background: LightGoldenRodYellow\">(Details : {http://terminology.hl7.org/CodeSystem/measure-population code 'initial-population' = 'Initial Population', given as 'Initial Population'})</span></p><p><b>description</b>: DEATHS: Patients with suspected or confirmed COVID-19 who died in the hospital, ED or any overflow location on the date for which you are reporting</p><p><b>criteria</b>: </p></blockquote></blockquote></div>"
  },
  "url": "http://cdcmeasures.example.org/modules/covid19/20200331/numTotBeds",
  "version": "20200401.06",
  "name": "Covid_19PatientImpactHospitalCapacity",
  "title": "COVID-19 Patient Impact & Hospital Capacity",
  "status": "draft",
  "subjectCodeableConcept": {
    "coding": [
      {
        "system": "http://hl7.org/fhir/resource-types",
        "code": "Location",
        "display": "Location"
      }
    ],
    "text": "Location"
  },
  "date": "2020-03-31T00:00:00Z",
  "publisher": "SANER-IG",
  "description": "CDC, NHSN COVID-19 Patient Impact & Hospital Capacity Hospital Bed/ICU/Ventilator Capacity. The Centers for Disease Control and Prevention’s (CDC’s) National Healthcare Safety Network (NHSN) is supporting the nation’s COVID-19 response by introducing a new COVID-19 Patient Impact and Hospital Capacity Module within NHSN’s Patient Safety Component. https://www.cdc.gov/nhsn/acute-care-hospital/covid19/index.html",
  "useContext": [
    {
      "code": {
        "system": "http://terminology.hl7.org/CodeSystem/usage-context-type",
        "code": "focus"
      },
      "valueCodeableConcept": {
        "coding": [
          {
            "system": "http://snomed.info/sct",
            "code": "840539006",
            "display": "COVID-19"
          }
        ]
      }
    }
  ],
  "jurisdiction": [
    {
      "coding": [
        {
          "system": "urn:iso:std:iso:3166",
          "code": "US",
          "display": "United States of America"
        }
      ]
    }
  ],
  "relatedArtifact": [
    {
      "type": "derived-from",
      "url": "https://www.cdc.gov/nhsn/pdfs/covid19/57.130-toi-508.pdf"
    },
    {
      "type": "derived-from",
      "url": "https://www.cdc.gov/nhsn/pdfs/covid19/import-covid19-data-508.pdf"
    },
    {
      "type": "justification",
      "url": "https://www.cdc.gov/nhsn/acute-care-hospital/covid19/index.html"
    }
  ],
  "scoring": {
    "coding": [
      {
        "system": "http://terminology.hl7.org/CodeSystem/measure-scoring",
        "code": "cohort",
        "display": "Cohort"
      }
    ]
  },
  "type": [
    {
      "coding": [
        {
          "system": "http://terminology.hl7.org/CodeSystem/measure-type",
          "code": "structure",
          "display": "Structure"
        }
      ]
    }
  ],
  "group": [
    {
      "code": {
        "text": "Hospital Bed/ICU Capacity"
      },
      "population": [
        {
          "id": "numTotBeds",
          "code": {
            "coding": [
              {
                "system": "http://terminology.hl7.org/CodeSystem/measure-population",
                "code": "initial-population",
                "display": "Initial Population"
              }
            ]
          },
          "description": "ALL HOSPITAL BEDS: Total number of all Inpatient and outpatient beds in your hospital, including all staffed, licensed, and overflow surge or expansion beds used for inpatients or for outpatients (includes ICU beds)",
          "criteria": {
            "description": "CDC defined field: numTotBeds",
            "language": "text/plain",
            "expression": "Requirement: Optional, Values: 0 to 10000, Format: Must be a whole number, Instruction for Data Collection: Enter the total number of all hospital beds, including inpatient and outpatient beds. All staffed, licensed, and overflow and surge/expansion beds used for inpatients or outpatients. This includes ICU beds."
          }
        },
        {
          "id": "Numbeds",
          "code": {
            "coding": [
              {
                "system": "http://terminology.hl7.org/CodeSystem/measure-population",
                "code": "initial-population",
                "display": "Initial Population"
              }
            ]
          },
          "description": "HOSPITAL INPATIENT BEDS: Total number of staffed inpatient beds in your hospital, including all staffed, licensed, and overflow and surge or expansion beds used for inpatients (includes ICU beds)",
          "criteria": {
            "description": "CDC defined field: Numbeds",
            "language": "text/plain",
            "expression": "Requirement: Required, Values: 0 to 10000, Format: Must be a whole number Must be <= numTotBeds, Instruction for Data Collection: Required. Enter the total number of all inpatient beds, including all staffed, licensed, and overflow and surge/expansion beds created for inpatient care. This includes intensive care unit (ICU) beds."
          }
        },
        {
          "id": "numBedsOcc",
          "code": {
            "coding": [
              {
                "system": "http://terminology.hl7.org/CodeSystem/measure-population",
                "code": "initial-population",
                "display": "Initial Population"
              }
            ]
          },
          "description": "HOSPITAL INPATIENT BED OCCUPANCY: Total number of staffed inpatient beds that are currently occupied",
          "criteria": {
            "description": "CDC defined field: numBedsOcc",
            "language": "text/plain",
            "expression": "Requirement: Optional, Values: 0 to 10000, Format: Must be a whole number Must be <= numBeds, Instruction for Data Collection: Enter the total number of staffed inpatient beds occupied by patients at the time the data is collected, including all staffed, licensed, and overflow and surge/expansion beds created for inpatient care. This includes ICU beds."
          }
        },
        {
          "id": "numICUBeds",
          "code": {
            "coding": [
              {
                "system": "http://terminology.hl7.org/CodeSystem/measure-population",
                "code": "initial-population",
                "display": "Initial Population"
              }
            ]
          },
          "description": "ICU BEDS: Total number of staffed inpatient intensive care unit (ICU) beds",
          "criteria": {
            "description": "CDC defined field: numICUBeds",
            "language": "text/plain",
            "expression": "Requirement: Optional, Values: 0 to 10000, Format: Must be a whole number Must be <= numBeds, Instruction for Data Collection: Enter the total number of staffed Intensive Care Unit (ICU) beds."
          }
        },
        {
          "id": "numICUBedsOcc",
          "code": {
            "coding": [
              {
                "system": "http://terminology.hl7.org/CodeSystem/measure-population",
                "code": "initial-population",
                "display": "Initial Population"
              }
            ]
          },
          "description": "ICU BED OCCUPANCY: Total number of staffed inpatient ICU beds that are occupied",
          "criteria": {
            "description": "CDC defined field: numICUBedsOcc",
            "language": "text/plain",
            "expression": "Requirement: Optional, Values: 0 to 10000, Format: Must be a whole number Must be <= numBeds, Instruction for Data Collection: Enter the total number of staffed ICU beds occupied by patients at the time the data is collected."
          }
        }
      ]
    },
    {
      "code": {
        "text": "Hospital Ventilator Capacity"
      },
      "population": [
        {
          "id": "numVent",
          "code": {
            "coding": [
              {
                "system": "http://terminology.hl7.org/CodeSystem/measure-population",
                "code": "initial-population",
                "display": "Initial Population"
              }
            ]
          },
          "description": "MECHANICAL VENTILATORS: Total number of ventilators available",
          "criteria": {
            "description": "CDC defined field: numVent",
            "language": "text/plain",
            "expression": "Requirement: Optional, Values: 0 to 10000, Format: Must be a whole numbe Must be <= numTotBeds or <= 10,000 , Instruction for Data Collection: Enter the total number of mechanical ventilators, including anesthesia machines and portable/transport ventilators available in the facility. Include BiPAP machines if the hospital uses BiPAP to deliver positive pressure ventilation via artificial airways."
          }
        },
        {
          "id": "numVentUse",
          "code": {
            "coding": [
              {
                "system": "http://terminology.hl7.org/CodeSystem/measure-population",
                "code": "initial-population",
                "display": "Initial Population"
              }
            ]
          },
          "description": "MECHANICAL VENTILATORS IN USE: Total number of ventilators in use",
          "criteria": {
            "description": "CDC defined field: numVentUse",
            "language": "text/plain",
            "expression": "Requirement: Required, Values: 0 to 10000, Format: Must be a whole number Must be <= numVent or <= 10,000 , Instruction for Data Collection: Required. Enter the total number of mechanical ventilators in use at the time the data is collected, including anesthesia machines and portable/transport ventilators. Include BiPAP machines if the hospital uses BiPAP to deliver positive pressure ventilation via artificial airways."
          }
        }
      ]
    },
    {
      "code": {
        "text": "Patient Impact"
      },
      "population": [
        {
          "id": "numC19HospPats",
          "code": {
            "coding": [
              {
                "system": "http://terminology.hl7.org/CodeSystem/measure-population",
                "code": "initial-population",
                "display": "Initial Population"
              }
            ]
          },
          "description": "HOSPITALIZED: Patients currently hospitalized in an inpatient bed who have suspected or confirmed COVID-19",
          "criteria": {
            "description": "CDC defined field: nnumC19HospPats",
            "language": "text/plain",
            "expression": "Requirement: Optional, Values: 0 to 10000, Format: Must be a whole number Must be <= numBedsOcc, Instruction for Data Collection:Enter the number of patients hospitalized in an inpatient bed at the time the data is collected who have suspected or confirmed COVID-19. This includes the patients with laboratory-confirmed or clinically diagnosed COVID-19. Confirmed: A patient with a laboratoryconfirmed COVID-19 diagnosis. Suspected: A patient without a laboratory confirmed COVID-19 diagnosis who, in accordance with CDC’s Interim Public Health Guidance for Evaluating Persons Under Investigation (PUIs), has signs and symptoms compatible with COVID-19 (most patients with confirmed COVID-19 have developed fever and/or symptoms of acute respiratory illness, such as cough, shortness of breath or myalgia/fatigue)."
          }
        },
        {
          "id": "numC19MechVentPats",
          "code": {
            "coding": [
              {
                "system": "http://terminology.hl7.org/CodeSystem/measure-population",
                "code": "initial-population",
                "display": "Initial Population"
              }
            ]
          },
          "description": "HOSPITALIZED and VENTILATED: Patients currently hospitalized in an inpatient bed who have suspected or confirmed COVID-19 and are on a mechanical ventilator",
          "criteria": {
            "description": "CDC defined field: numC19MechVentPats",
            "language": "text/plain",
            "expression": "Requirement: Optional, Values: 0 to 10000, Format: Must be a whole number Must be <= numVentUse, Instruction for Data Collection: Enter the number of patients hospitalized in an inpatient bed who have suspected or confirmed COVID-19 and are currently on a mechanical ventilator* at the time the data is collected . This includes the patients with laboratory-confirmed or clinically diagnosed COVID-19. *Ventilator: Any device used to support, assist or control respiration (inclusive of the weaning period) through the application of positive pressure to the airway when delivered via an artificial airway, specifically an oral/nasal endotracheal or tracheostomy tube. Note: Ventilation and lung expansion devices that deliver positive pressure to the airway (for example: CPAP, BiPAP, bi-level, IPPB and PEEP) via non-invasive means (for example: nasal prongs, nasal mask, full face mask, total mask, etc.) are not considered ventilators unless positive pressure is delivered via an artificial airway (oral/nasal endotracheal or tracheostomy tube)."
          }
        },
        {
          "id": "numC19HOPats",
          "code": {
            "coding": [
              {
                "system": "http://terminology.hl7.org/CodeSystem/measure-population",
                "code": "initial-population",
                "display": "Initial Population"
              }
            ]
          },
          "description": "HOSPITAL ONSET: Patients currently hospitalized in an inpatient bed with onset of suspected or confirmed COVID-19 fourteen or more days after hospital admission due to a condition other than COVID-19",
          "criteria": {
            "description": "CDC defined field: numC19HOPats",
            "language": "text/plain",
            "expression": "Requirement: Optional, Values: 0 to 10000, Format: Must be a whole number Must be <= numBedsOcc, Instruction for Data Collection: Enter the number of patients hospitalized in an inpatient bed at the time the data is collected with onset of suspected or confirmed COVID-19 fourteen or more days after hospitalization (admission date = hospital day 1). This includes laboratory-confirmed or clinically diagnosed COVID-19 cases."
          }
        },
        {
          "id": "numC19OverflowPats",
          "code": {
            "coding": [
              {
                "system": "http://terminology.hl7.org/CodeSystem/measure-population",
                "code": "initial-population",
                "display": "Initial Population"
              }
            ]
          },
          "description": "ED/OVERFLOW: Patients with suspected or confirmed COVID-19 who are currently in the Emergency Department (ED) or any overflow location awaiting an inpatient bed",
          "criteria": {
            "description": "CDC defined field: numC19OverflowPats",
            "language": "text/plain",
            "expression": "Requirement: Optional, Values: 0 to 2000, Format: Must be a whole number Must be <= 2000, Instruction for Data Collection: Enter the number of patients with suspected or confirmed COVID-19 who are in the Emergency Department(ED) or any overflow/expansion location awaiting placement in an inpatient bed at the time the data is collected . This includes patients with laboratory-confirmed or clinically diagnosed COVID-19. Overflow locations include any physical locations created to accommodate patients include but not limited to 24-hour observation units, hallways, parking lots, or tents"
          }
        },
        {
          "id": "umC19OFMechVentPats",
          "code": {
            "coding": [
              {
                "system": "http://terminology.hl7.org/CodeSystem/measure-population",
                "code": "initial-population",
                "display": "Initial Population"
              }
            ]
          },
          "description": "ED/OVERFLOW and VENTILATED: Patients with suspected or confirmed COVID-19 who currently are in the ED or any overflow location awaiting an inpatient bed and on a mechanical ventilator",
          "criteria": {
            "description": "CDC defined field: nnumC19OFMechVentPats",
            "language": "text/plain",
            "expression": "Requirement: Optional, Values: 0 to 10000, Format: Must be a whole number Must be <= numVentUse, Instruction for Data Collection: Enter the number of patients with suspected or confirmed COVID-19 who are in the ED or any overflow/expansion location on a mechanical ventilator* at the time the data is collected . This includes patients with laboratory-confirmed or clinically diagnosed COVID-19. *Ventilator: Any device used to support, assist or control respiration (inclusive of the weaning period) through the application of positive pressure to the airway when delivered via an artificial airway, specifically an oral/nasal endotracheal or tracheostomy tube. Note: Ventilation and lung expansion devices that deliver positive pressure to the airway (for example: CPAP, BiPAP, bi-level, IPPB and PEEP) via non-invasive means (for example: nasal prongs, nasal mask, full face mask, total mask, etc.) are not considered ventilators unless positive pressure is delivered via an artificial airway (oral/nasal endotracheal or tracheostomy tube)."
          }
        },
        {
          "id": "numC19Died",
          "code": {
            "coding": [
              {
                "system": "http://terminology.hl7.org/CodeSystem/measure-population",
                "code": "initial-population",
                "display": "Initial Population"
              }
            ]
          },
          "description": "DEATHS: Patients with suspected or confirmed COVID-19 who died in the hospital, ED or any overflow location on the date for which you are reporting",
          "criteria": {
            "description": "CDC defined field: numC19Died",
            "language": "text/plain",
            "expression": "Requirement: Optional, Values: 0 to 1500, Format: Must be a whole number Must be <= 1500, Instruction for Data Collection: Enter the number of patients with suspected or confirmed COVID-19 who died in the hospital, ED, or any overflow location. This includes patients with laboratory-confirmed or clinically diagnosed COVID-19. Please enter the count of deaths newly occurred, at the time the data is collected instead of the cumulated number of deaths."
          }
        }
      ]
    }
  ]
}