{
  "resourceType": "MeasureReport",
  "id": "ca620d2a-7639-11ea-be32-a4d18ccf5172",
  "text": {
    "status": "generated",
    "div": "<div xmlns=\"http://www.w3.org/1999/xhtml\"><p><b>Generated Narrative with Details</b></p><p><b>id</b>: ca620d2a-7639-11ea-be32-a4d18ccf5172</p><p><b>status</b>: complete</p><p><b>type</b>: individual</p><p><b>measure</b>: <a href=\"http://cdcmeasures.example.org/modules/covid19/20200331/numTotBeds\">http://cdcmeasures.example.org/modules/covid19/20200331/numTotBeds</a></p><p><b>subject</b>: </p><p><b>date</b>: Apr 3, 2020, 11:01:56 PM</p><p><b>reporter</b>: </p><p><b>period</b>: Mar 30, 2020, 12:00:00 AM --&gt; Mar 30, 2020, 12:00:00 AM</p><blockquote><p><b>group</b></p><p><b>code</b>: Hospital Bed/ICU Capacity <span style=\"background: LightGoldenRodYellow\">(Details )</span></p><blockquote><p><b>population</b></p><p><b>id</b>: numVent</p><p><b>code</b>: Initial Population <span style=\"background: LightGoldenRodYellow\">(Details : {http://terminology.hl7.org/CodeSystem/measure-population code 'initial-population' = 'Initial Population)</span></p><p><b>count</b>: 20</p></blockquote><blockquote><p><b>population</b></p><p><b>id</b>: numVentUse</p><p><b>code</b>: Initial Population <span style=\"background: LightGoldenRodYellow\">(Details : {http://terminology.hl7.org/CodeSystem/measure-population code 'initial-population' = 'Initial Population)</span></p><p><b>count</b>: 3</p></blockquote></blockquote><blockquote><p><b>group</b></p><p><b>code</b>: Hospital Ventilator Capacity <span style=\"background: LightGoldenRodYellow\">(Details )</span></p><blockquote><p><b>population</b></p><p><b>id</b>: numTotBeds</p><p><b>code</b>: Initial Population <span style=\"background: LightGoldenRodYellow\">(Details : {http://terminology.hl7.org/CodeSystem/measure-population code 'initial-population' = 'Initial Population)</span></p><p><b>count</b>: 125</p></blockquote><blockquote><p><b>population</b></p><p><b>id</b>: numbeds</p><p><b>code</b>: Initial Population <span style=\"background: LightGoldenRodYellow\">(Details : {http://terminology.hl7.org/CodeSystem/measure-population code 'initial-population' = 'Initial Population)</span></p><p><b>count</b>: 100</p></blockquote><blockquote><p><b>population</b></p><p><b>id</b>: numBedsOcc</p><p><b>code</b>: Initial Population <span style=\"background: LightGoldenRodYellow\">(Details : {http://terminology.hl7.org/CodeSystem/measure-population code 'initial-population' = 'Initial Population)</span></p><p><b>count</b>: 70</p></blockquote><blockquote><p><b>population</b></p><p><b>id</b>: numICUBeds</p><p><b>code</b>: Initial Population <span style=\"background: LightGoldenRodYellow\">(Details : {http://terminology.hl7.org/CodeSystem/measure-population code 'initial-population' = 'Initial Population)</span></p><p><b>count</b>: 20</p></blockquote><blockquote><p><b>population</b></p><p><b>id</b>: numICUBedsOcc</p><p><b>code</b>: Initial Population <span style=\"background: LightGoldenRodYellow\">(Details : {http://terminology.hl7.org/CodeSystem/measure-population code 'initial-population' = 'Initial Population)</span></p><p><b>count</b>: 10</p></blockquote></blockquote><blockquote><p><b>group</b></p><p><b>code</b>: Patient Impact <span style=\"background: LightGoldenRodYellow\">(Details )</span></p><blockquote><p><b>population</b></p><p><b>id</b>: numC19HospPats</p><p><b>code</b>: Initial Population <span style=\"background: LightGoldenRodYellow\">(Details : {http://terminology.hl7.org/CodeSystem/measure-population code 'initial-population' = 'Initial Population)</span></p><p><b>count</b>: 20</p></blockquote><blockquote><p><b>population</b></p><p><b>id</b>: numC19MechVentPats</p><p><b>code</b>: Initial Population <span style=\"background: LightGoldenRodYellow\">(Details : {http://terminology.hl7.org/CodeSystem/measure-population code 'initial-population' = 'Initial Population)</span></p><p><b>count</b>: 3</p></blockquote><blockquote><p><b>population</b></p><p><b>id</b>: numC19HOPats</p><p><b>code</b>: Initial Population <span style=\"background: LightGoldenRodYellow\">(Details : {http://terminology.hl7.org/CodeSystem/measure-population code 'initial-population' = 'Initial Population)</span></p><p><b>count</b>: 0</p></blockquote><blockquote><p><b>population</b></p><p><b>id</b>: numC19OverflowPats</p><p><b>code</b>: Initial Population <span style=\"background: LightGoldenRodYellow\">(Details : {http://terminology.hl7.org/CodeSystem/measure-population code 'initial-population' = 'Initial Population)</span></p><p><b>count</b>: 0</p></blockquote><blockquote><p><b>population</b></p><p><b>id</b>: numC19OFMechVentPats</p><p><b>code</b>: Initial Population <span style=\"background: LightGoldenRodYellow\">(Details : {http://terminology.hl7.org/CodeSystem/measure-population code 'initial-population' = 'Initial Population)</span></p><p><b>count</b>: 0</p></blockquote><blockquote><p><b>population</b></p><p><b>id</b>: numC19Died</p><p><b>code</b>: Initial Population <span style=\"background: LightGoldenRodYellow\">(Details : {http://terminology.hl7.org/CodeSystem/measure-population code 'initial-population' = 'Initial Population)</span></p><p><b>count</b>: 0</p></blockquote></blockquote></div>"
  },
  "status": "complete",
  "type": "individual",
  "measure": "http://cdcmeasures.example.org/modules/covid19/20200331/numTotBeds",
  "subject": {
    "identifier": {
      "system": "urn:oid:2.16.840.1.113883.6.277",
      "value": "2.16.840.1.113883.6.277.123"
    }
  },
  "date": "2020-04-04T06:01:56.594990Z",
  "reporter": {
    "identifier": {
      "system": "urn:oid:2.16.840.1.113883.6.277",
      "value": "2.16.840.1.113883.6.277.123"
    }
  },
  "period": {
    "start": "2020-03-30",
    "end": "2020-03-30"
  },
  "group": [
    {
      "code": {
        "text": "Hospital Bed/ICU Capacity"
      },
      "population": [
        {
          "id": "numVent",
          "code": {
            "coding": [
              {
                "system": "http://terminology.hl7.org/CodeSystem/measure-population",
                "code": "initial-population"
              }
            ]
          },
          "count": 20
        },
        {
          "id": "numVentUse",
          "code": {
            "coding": [
              {
                "system": "http://terminology.hl7.org/CodeSystem/measure-population",
                "code": "initial-population"
              }
            ]
          },
          "count": 3
        }
      ]
    },
    {
      "code": {
        "text": "Hospital Ventilator Capacity"
      },
      "population": [
        {
          "id": "numTotBeds",
          "code": {
            "coding": [
              {
                "system": "http://terminology.hl7.org/CodeSystem/measure-population",
                "code": "initial-population"
              }
            ]
          },
          "count": 125
        },
        {
          "id": "numbeds",
          "code": {
            "coding": [
              {
                "system": "http://terminology.hl7.org/CodeSystem/measure-population",
                "code": "initial-population"
              }
            ]
          },
          "count": 100
        },
        {
          "id": "numBedsOcc",
          "code": {
            "coding": [
              {
                "system": "http://terminology.hl7.org/CodeSystem/measure-population",
                "code": "initial-population"
              }
            ]
          },
          "count": 70
        },
        {
          "id": "numICUBeds",
          "code": {
            "coding": [
              {
                "system": "http://terminology.hl7.org/CodeSystem/measure-population",
                "code": "initial-population"
              }
            ]
          },
          "count": 20
        },
        {
          "id": "numICUBedsOcc",
          "code": {
            "coding": [
              {
                "system": "http://terminology.hl7.org/CodeSystem/measure-population",
                "code": "initial-population"
              }
            ]
          },
          "count": 10
        }
      ]
    },
    {
      "code": {
        "text": "Patient Impact"
      },
      "population": [
        {
          "id": "numC19HospPats",
          "code": {
            "coding": [
              {
                "system": "http://terminology.hl7.org/CodeSystem/measure-population",
                "code": "initial-population"
              }
            ]
          },
          "count": 20
        },
        {
          "id": "numC19MechVentPats",
          "code": {
            "coding": [
              {
                "system": "http://terminology.hl7.org/CodeSystem/measure-population",
                "code": "initial-population"
              }
            ]
          },
          "count": 3
        },
        {
          "id": "numC19HOPats",
          "code": {
            "coding": [
              {
                "system": "http://terminology.hl7.org/CodeSystem/measure-population",
                "code": "initial-population"
              }
            ]
          },
          "count": 0
        },
        {
          "id": "numC19OverflowPats",
          "code": {
            "coding": [
              {
                "system": "http://terminology.hl7.org/CodeSystem/measure-population",
                "code": "initial-population"
              }
            ]
          },
          "count": 0
        },
        {
          "id": "numC19OFMechVentPats",
          "code": {
            "coding": [
              {
                "system": "http://terminology.hl7.org/CodeSystem/measure-population",
                "code": "initial-population"
              }
            ]
          },
          "count": 0
        },
        {
          "id": "numC19Died",
          "code": {
            "coding": [
              {
                "system": "http://terminology.hl7.org/CodeSystem/measure-population",
                "code": "initial-population"
              }
            ]
          },
          "count": 0
        }
      ]
    }
  ]
}