{
  "resourceType": "Patient",
  "id": "example2",
  "text": {
    "status": "generated",
    "div": "<div xmlns=\"http://www.w3.org/1999/xhtml\"><p><b>Generated Narrative</b></p><p><b>id</b>: example2</p><p><b>identifier</b>: Medical record number = 12345 (USUAL)</p><p><b>active</b>: true</p><p><b>name</b>: Peter James Chalmers (OFFICIAL), Jim , Peter James Windsor (MAIDEN)</p><p><b>telecom</b>: -unknown-(HOME), ph: (03) 5555 6473(WORK), ph: (03) 3410 5613(MOBILE), ph: (03) 5555 8834(OLD)</p><p><b>gender</b>: male</p><p><b>birthDate</b>: 1974-12-25</p><p><b>deceased</b>: false</p><p><b>address</b>: 534 Erewhon St PeasantVille, Rainbow, Vic  3999(HOME)</p><h3>Contacts</h3><table class=\"grid\"><tr><td>-</td><td><b>Relationship</b></td><td><b>Name</b></td><td><b>Telecom</b></td><td><b>Address</b></td><td><b>Gender</b></td><td><b>Period</b></td></tr><tr><td>*</td><td><span title=\"Codes: {http://terminology.hl7.org/CodeSystem/v2-0131 N}\">Next-of-Kin</span></td><td>BÃ&copy;nÃ&copy;dicte du MarchÃ&copy; </td><td>ph: +33 (237) 998327</td><td>534 Erewhon St PleasantVille Vic 3999 (HOME)</td><td>female</td><td>Jan 1, 2012, 12:00:00 AM --&gt; (ongoing)</td></tr></table><p><b>managingOrganization</b>: <a href=\"Organization/1\">Organization/1</a></p></div>"
  },
  "identifier": [
    {
      "use": "usual",
      "type": {
        "coding": [
          {
            "system": "http://terminology.hl7.org/CodeSystem/v2-0203",
            "code": "MR"
          }
        ]
      },
      "system": "urn:oid:1.2.36.146.595.217.0.1",
      "value": "12345",
      "period": {
        "start": "2001-05-06"
      },
      "assigner": {
        "display": "Acme Healthcare"
      }
    }
  ],
  "active": true,
  "name": [
    {
      "use": "official",
      "family": "Chalmers",
      "given": [
        "Peter",
        "James"
      ]
    },
    {
      "use": "usual",
      "given": [
        "Jim"
      ]
    },
    {
      "use": "maiden",
      "family": "Windsor",
      "given": [
        "Peter",
        "James"
      ],
      "period": {
        "end": "2002"
      }
    }
  ],
  "telecom": [
    {
      "use": "home"
    },
    {
      "system": "phone",
      "value": "(03) 5555 6473",
      "use": "work",
      "rank": 1
    },
    {
      "system": "phone",
      "value": "(03) 3410 5613",
      "use": "mobile",
      "rank": 2
    },
    {
      "system": "phone",
      "value": "(03) 5555 8834",
      "use": "old",
      "period": {
        "end": "2014"
      }
    }
  ],
  "gender": "male",
  "birthDate": "1974-12-25",
  "_birthDate": {
    "extension": [
      {
        "url": "http://hl7.org/fhir/StructureDefinition/patient-birthTime",
        "valueDateTime": "1974-12-25T14:35:45-05:00"
      }
    ]
  },
  "deceasedBoolean": false,
  "address": [
    {
      "use": "home",
      "type": "both",
      "text": "534 Erewhon St PeasantVille, Rainbow, Vic  3999",
      "line": [
        "534 Erewhon St"
      ],
      "city": "PleasantVille",
      "district": "Rainbow",
      "state": "Vic",
      "postalCode": "3999",
      "period": {
        "start": "1974-12-25"
      }
    }
  ],
  "contact": [
    {
      "relationship": [
        {
          "coding": [
            {
              "system": "http://terminology.hl7.org/CodeSystem/v2-0131",
              "code": "N"
            }
          ]
        }
      ],
      "name": {
        "family": "du MarchÃ©",
        "_family": {
          "extension": [
            {
              "url": "http://hl7.org/fhir/StructureDefinition/humanname-own-prefix",
              "valueString": "VV"
            }
          ]
        },
        "given": [
          "BÃ©nÃ©dicte"
        ]
      },
      "telecom": [
        {
          "system": "phone",
          "value": "+33 (237) 998327"
        }
      ],
      "address": {
        "use": "home",
        "type": "both",
        "line": [
          "534 Erewhon St"
        ],
        "city": "PleasantVille",
        "district": "Rainbow",
        "state": "Vic",
        "postalCode": "3999",
        "period": {
          "start": "1974-12-25"
        }
      },
      "gender": "female",
      "period": {
        "start": "2012"
      }
    }
  ],
  "managingOrganization": {
    "reference": "Organization/1"
  }
}